time,s_x,s_v,a_u
0.0,0.0,1.0,0.606060377592944
0.01,0.01004099608933474,1.0079230344662427,0.6435759338238154
0.02,0.020157611969106756,1.0151226557400348,0.6271438327717933
0.03,0.030335847663460626,1.0202474499409437,0.5989959631066062
0.04,0.040553512218614016,1.023009718273232,0.6150824478264385
0.05,0.05079254147458633,1.0245209160328612,0.5755131925862024
0.06,0.06103350197924512,1.0233984267950937,0.6099167620968059
0.07,0.07125936258411743,1.021501808003333,0.6519321663376534
0.08,0.08146335891238547,1.0190263585984285,0.5362439845098862
0.09,0.09162005889422355,1.0120481378558306,0.5054085916315846
0.1,0.10169519659897013,1.0027180804067528,0.5378132617321257
0.11,0.11167327170380864,0.9926384611853374,0.5109156495192109
0.12,0.12153947934678042,0.9803493508316966,0.4823361982279021
0.13,0.13127166309164107,0.9658390261498829,0.41994852847027403
0.14,0.1408435601163492,0.9482989045781604,0.4607424690747605
0.15,0.15023795550743024,0.9303432651188822,0.49966016904993044
0.16,0.15945059782974083,0.9119529876110044,0.40765615942490896
0.17,0.16846095436608902,0.8898948162261924,0.46924970710041203
0.18,0.17725177317718888,0.8680504956900085,0.42131970603477426
0.19,0.18581168422375863,0.8437215262729446,0.4825325396015153
0.2,0.19412970738633148,0.8196785566518888,0.49103914777067315
0.21,0.20220229761838918,0.794642072933977,0.6118348491653391
0.22,0.2100337407063801,0.7714531477413715,0.603676199840688
0.23,0.21762654508791984,0.7469217216974335,0.7255517120394316
0.24,0.22498372850681211,0.7243327979040026,0.7646216978852285
0.25,0.23211449879098453,0.701644897204334,0.790410200469205
0.26,0.2390163841460434,0.6785620416682315,0.7133949400015095
0.27,0.24567280178147366,0.6525607881121172,0.8466689570774627
0.28,0.25208108536372453,0.6289391418397703,0.8989560175745203
0.29,0.2582550414200197,0.6057009802049526,0.9269176588389902
0.3,0.26419564097409376,0.5822741698156196,0.8556193949909402
0.31,0.2698888087298554,0.5562239983965267,0.9092871691999774
0.32,0.2753241851043148,0.5307222400418161,0.8749386388104208
0.33,0.2804964661699382,0.5036137895592161,0.8635368692073867
0.34,0.28539271704175573,0.475524816578511,0.926674130635822
0.35000000000000003,0.29001269000045254,0.44836485072035137,0.792880927415555
0.36,0.2943413115734204,0.41726686800269946,0.7819995611793352
0.37,0.29835491170705214,0.3853702909605393,0.7700136237161017
0.38,0.3020456608484454,0.35270665206967183,0.6319131656138386
0.39,0.3053904616036422,0.31619461555135087,0.5854976024497459
0.4,0.30836269551956513,0.2782055946582398,0.523028607346386
0.41000000000000003,0.3109459640671546,0.23841473594114918,0.445422859525453
0.42,0.3131207618789795,0.19652558257140057,0.30595975165383166
0.43,0.3148588212401835,0.15108361008951124,0.298205680814902
0.44,0.3161415468426979,0.10547237443756094,0.2936419084137868
0.45,0.3169680502087096,0.05985259200350888,0.08556257340095932
0.46,0.31731326662897336,0.00923449453041797,0.15066274636543792
0.47000000000000003,0.3171618815051693,-0.039455133964061945,0.06741364704789529
0.48,0.3165150490882194,-0.08983855649752323,-0.006730619346481309
0.49,0.315357462980483,-0.14158937887957387,0.1002782048509937
0.5,0.3136985392459198,-0.1900948159380166,0.024856023763025148
0.51,0.31154830709438414,-0.23983535667002598,-0.0749459104109339
0.52,0.3088918482307091,-0.2913235234598438,-0.0013116528254891475
0.53,0.3057338190143625,-0.34013771277918753,0.04495417451222886
0.54,0.30209788803937865,-0.38689227708227686,0.038278252737904694
0.55,0.2979983892484743,-0.4328388468713469,0.12283795802806924
0.56,0.2934551499147976,-0.47563112691818943,0.13440173524314736
0.5700000000000001,0.2884908762740157,-0.5170353192183028,0.22665782068892384
0.58,0.2831298188430989,-0.5549805005328484,0.3256355183798272
0.59,0.2774076161611433,-0.5892583276032194,0.2833963162720993
0.6,0.2713434992355125,-0.623354229694412,0.3920278904723326
0.61,0.2649583749437429,-0.6534554287423507,0.4227993770871827
0.62,0.25828259859797786,-0.681479167581593,0.514079503409155
0.63,0.251344648415913,-0.7058872416689661,0.506151284424994
0.64,0.2441683857425249,-0.7291368263168375,0.58895298371861
0.65,0.23677685203571147,-0.7489397498995612,0.6539237064252784
0.66,0.22920233078803826,-0.7657331197792551,0.7469569679616341
0.67,0.2214784449812692,-0.7788131700566822,0.7893899408844003
0.68,0.2136359913196185,-0.7894467264725565,0.6875541636500889
0.6900000000000001,0.20568143409250728,-0.8012302705255437,0.7270782781066175
0.7000000000000001,0.19762101462669943,-0.8106195176977115,0.8040165747902881
0.71,0.18948332512394192,-0.8166864017674751,0.6692983680661055
0.72,0.18127511947888672,-0.8247194068740997,0.7362802516872968
0.73,0.17300199732863555,-0.8296718863781604,0.7394949451770366
0.74,0.16468673741572515,-0.8331480411594168,0.7878649433363851
0.75,0.15634969839138782,-0.8340305164825542,0.7373616639926215
0.76,0.14800439502709373,-0.8348014111141462,0.6632193636418124
0.77,0.13964897992138386,-0.8360526544458887,0.6382835600276324
0.78,0.13128479436809423,-0.8365566052792685,0.6233957794064946
0.79,0.12292052966017786,-0.8360700537062878,0.6948794287430438
0.8,0.11457681348676167,-0.8324512755152959,0.5851168668289427
0.81,0.10626222451119932,-0.8302443409098632,0.5853989793355483
0.8200000000000001,0.09797638108290933,-0.8267047726395423,0.6195317906974921
0.8300000000000001,0.08973675003389997,-0.8210057870532561,0.6051769268546501
0.84,0.0815587554611647,-0.8143804612155446,0.6191027460668312
0.85,0.07345509641841458,-0.8061426991929957,0.5995839901297079
0.86,0.0654376019291195,-0.7971509323938172,0.6894079658616986
0.87,0.057527346054978966,-0.7847017679159877,0.7103642390734651
0.88,0.049750101599000424,-0.7705542171659704,0.8404493381307029
0.89,0.042136291777060034,-0.7520240490501737,0.8703298868115019
0.9,0.03471695854175398,-0.731666177567802,0.8965735452029479
0.91,0.02750970293025519,-0.7096160949976801,0.9943064421719902
0.92,0.020540132129839392,-0.6841392898726201,1.008267976366989
0.93,0.013831755181902442,-0.6573857075615849,1.1416668134104717
0.9400000000000001,0.00741198160124421,-0.6264308271099942,1.1501218090030543
0.9500000000000001,0.001306865188332772,-0.5944637602915939,1.236541476722523
0.96,-0.004464035194029581,-0.5595996246692803,1.1936443937825427
0.97,-0.009888243819965323,-0.5251342203459288,1.3184906054292176
0.98,-0.014949090185122015,-0.48694082254043863,1.2503615640396855
0.99,-0.019633780192046906,-0.4499117192903066,1.255995404689338
1.0,-0.023945016733719446,-0.4122607320904439,1.3539020221762592
1.01,-0.02786539204672713,-0.3717529254152894,1.3231707263298242
1.02,-0.031382791626698645,-0.3316758580154477,1.3627186258348007
1.03,-0.03449306426371503,-0.290339726785124,1.4403802362837352
1.04,-0.03717923422023215,-0.24686890422339755,1.2477710863292757
1.05,-0.03945407431596702,-0.20807973247350023,1.207605753996049
1.06,-0.04134555522088543,-0.17020631813036544,1.1877035786135797
1.07,-0.04286058191899689,-0.13279844335747376,1.1311346346715694
1.08,-0.04400866753056165,-0.0968263680183806,1.0186122526793602
1.09,-0.04481139208199798,-0.06373238681101896,0.9316562701825305
1.1,-0.0452945245534709,-0.03291406342365502,0.8869844091952809
1.11,-0.04547572485740547,-0.0033526803475024992,0.7850556543194269
1.12,-0.04537490133738897,0.023486068915833117,0.6137942193749867
1.1300000000000001,-0.04502805870284803,0.04584934162781833,0.5690491361154969
1.1400000000000001,-0.04446421492424928,0.06688191910431097,0.4852154934612514
1.1500000000000001,-0.043701679480057515,0.08558485149615759,0.345733904643282
1.16,-0.04277076735365916,0.10055673771434796,0.33247292174374865
1.17,-0.041693052670342165,0.1149420690793256,0.20483054153325594
1.18,-0.04048876331736835,0.1258719785754726,0.2327339191289448
1.19,-0.03917303587861995,0.13722626087071105,0.13895070990074276
1.2,-0.03775690668673776,0.14595245459599232,0.08804775277994324
1.21,-0.03626129795069946,0.15312171217906292,0.017366524000307818
1.22,-0.03470425525497292,0.1582397983836437,0.013050355273308355
1.23,-0.033097991458867895,0.16296504199806305,-0.10075821667271748
1.24,-0.031460116160680174,0.16456459313864505,-0.07012609518663049
1.25,-0.029803789052473648,0.16665439347312203,-0.002090672981285461
1.26,-0.028119474372087058,0.17015985560671285,-0.12868605457776106
1.27,-0.02641736047917547,0.1702174423918726,0.021196883514776006
1.28,-0.02469733937450668,0.17373713242224204,-0.10575942789295835
1.29,-0.0229594505450706,0.1737942073598493,0.021987865398396395
1.3,-0.021206448622755114,0.17675625381077786,-0.05719470178759691
1.31,-0.01943520402277676,0.17744468456686682,0.021762892533393974
1.32,-0.01764866593465386,0.1798127557468813,-0.017483248631154042
1.33,-0.015844850191256844,0.18090112267754352,-0.11348661786056194
1.34,-0.014043601867948468,0.17930220885202341,0.006468669346942381
1.35,-0.0122447649498268,0.18041601560039675,-0.010668401924913959
1.36,-0.010438401827319265,0.18080802099459473,-0.12062581268160298
1.37,-0.008643287774075505,0.17816973517347814,-0.17351335254708558
1.3800000000000001,-0.006882494262454441,0.1739465195677487,-0.2179577719982308
1.3900000000000001,-0.005170735327570811,0.16836557638001387,-0.3159845990598976
1.4000000000000001,-0.003528184751534294,0.16010954674642366,-0.2758279588048293
1.41,-0.001964211763148948,0.15265130374275074,-0.42657887089837804
1.42,-0.0004946127934511073,0.14124147363513673,-0.47445805348565867
1.43,0.000854138169090106,0.12848635920032186,-0.5862603225547458
1.44,0.002060758972971059,0.11282233359110277,-0.6531289903993022
1.45,0.003101978557763985,0.09541238726358126,-0.7596842338757142
1.46,0.003955580531186411,0.07530668849445835,-0.7038381059609101
1.47,0.004615104593733716,0.056600487327288534,-0.8404166691025952
1.48,0.005070653575125746,0.03452070857079355,-0.8438574934815956
1.49,0.005305375756093139,0.012441015213787491,-0.9427866264636401
1.5,0.005307539229231316,-0.011982332752458563,-1.0199640418565998
1.51,0.0050566869578283526,-0.03815352337262434,-1.0327370477959912
1.52,0.004543635263796703,-0.06441512964970784,-1.0640982771693377
1.53,0.003765374137024614,-0.09118779355201916,-1.0433652772206734
1.54,0.0027235194071884078,-0.11712771014933424,-1.0579931915896814
1.55,0.0014221700268111017,-0.14307979188792322,-1.0376191484518968
1.56,-0.00013422277105967512,-0.16813055470316363,-1.0633450645925855
1.57,-0.0019422228565398056,-0.19339431358012793,-0.9957495437152496
1.58,-0.0039921132093741,-0.21650445481695213,-0.8239913700054625
1.59,-0.0062492481892233095,-0.23484280076111694,-0.8832052649363732
1.6,-0.00869471560013299,-0.25416486825970824,-0.8385524901222056
1.61,-0.011325214278605368,-0.2718458672573302,-0.700210313858707
1.62,-0.014112557821275332,-0.2855339120293471,-0.5748590141085934
1.6300000000000001,-0.017018449619166546,-0.29555625950631853,-0.6449438058402
1.6400000000000001,-0.020030638860679552,-0.30678926622500047,-0.5105232777106932
1.6500000000000001,-0.023135599806499072,-0.31411228490616205,-0.46229310759520986
1.6600000000000001,-0.026305042816715616,-0.3196858117663988,-0.4538624899260127
1.67,-0.029526445269594304,-0.3245035779332529,-0.2703334145033187
1.68,-0.032770395953725856,-0.3242003001549606,-0.2570683648163863
1.69,-0.03600707785839428,-0.32305089912783264,-0.20982958541296023
1.7,-0.03922382713164873,-0.32021608243776645,-0.21805967605014165
1.71,-0.04241078112593874,-0.31709292404235995,-0.1348156746647907
1.72,-0.04555368115468333,-0.3114091730551585,-0.17190106445467307
1.73,-0.04864205151548206,-0.3061879295832919,-0.149604082753439
1.74,-0.05167313816360141,-0.2999550150601684,-0.2050845138544649
1.75,-0.05464660463131273,-0.2946644031914084,-0.22662434448624305
1.76,-0.057567653712512504,-0.2894728075951825,-0.12309711463733598
1.77,-0.0604217153263946,-0.2812718843800965,-0.2459262348189434
1.78,-0.0632070836669856,-0.27573312567188824,-0.24187333821915516
1.79,-0.06593451816128215,-0.26968718029563665,-0.2976307170115877
1.8,-0.06860646948823988,-0.264636889632797,-0.35940657748799354
1.81,-0.07123365403802345,-0.2607337740571439,-0.4043836485659391
1.82,-0.07382544387513651,-0.2575580929610307,-0.38768606497737934
1.83,-0.07638142388434498,-0.2535736038933357,-0.4714906247536148
1.84,-0.07890609622931294,-0.2512955526205655,-0.4967613853961085
1.85,-0.08140919039156337,-0.24925826178776478,-0.5152348574191689
1.86,-0.08389227440458344,-0.24729395386474942,-0.47806155488565305
1.87,-0.08634915070783421,-0.24401879304330695,-0.5160799464542344
1.8800000000000001,-0.08877615403771676,-0.24131951897499593,-0.5364629337567467
1.8900000000000001,-0.09117684706583402,-0.2387572649338193,-0.5814319720223552
1.9000000000000001,-0.09355568185601758,-0.23694762753209395,-0.6124056959495414
1.9100000000000001,-0.0959184297975588,-0.23553987006402627,-0.47880761185372167
1.92,-0.09824858296365065,-0.23043346465382283,-0.4546826486472454
1.93,-0.10052296144935687,-0.22438740909424634,-0.4815901778314277
1.94,-0.1027386100086387,-0.21868866316850766,-0.4151509324076107
1.95,-0.10488739433515416,-0.2110184401361103,-0.3684980074929909
1.96,-0.10695218876134306,-0.20189447263727556,-0.3305959668082986
1.97,-0.10891966461667553,-0.19155861997839946,-0.29163193035332463
1.98,-0.11077769047314201,-0.18000869987785026,-0.3287067216770031
1.99,-0.1125237388332959,-0.16916537118584116,-0.20275632750119332
2.0,-0.11414460911608207,-0.1549800125398457,-0.3193431068960793
2.0100000000000002,-0.11563734596509895,-0.14353920526679323,-0.1997841696241349
2.02,-0.11699995175126575,-0.12896065131214418,-0.21259180179630402
2.0300000000000002,-0.11821777096945212,-0.11458557968997979,-0.19754956590344117
2.04,-0.11928947498416657,-0.09974205453461471,-0.16142335382371883
2.05,-0.12020788406515026,-0.08393176565752605,-0.2058607754123476
2.06,-0.12097353571242696,-0.06919355448925303,-0.37265357901867174
2.07,-0.12161249701190222,-0.058592710442882286,-0.4454446223841557
2.08,-0.12215437734366388,-0.049778082385909514,-0.3754608853373253
2.09,-0.12259924922165415,-0.039195530421712595,-0.5310887936171812
2.1,-0.12295771080559327,-0.03249422376349793,-0.5525038752595743
2.11,-0.12325177156794917,-0.026316551337882764,-0.587478545481503
2.12,-0.12348839302713373,-0.02100699280609645,-0.7935884555447517
2.13,-0.12369761626793745,-0.020832173769658097,-0.9013440911676676
2.14,-0.12391836663265408,-0.023309276930718645,-0.8678998013441869
2.15,-0.12415945213465707,-0.0248995955969809,-0.9622579610081827
2.16,-0.12442795825141567,-0.028790203412605263,-1.0570122588803488
2.17,-0.1247468353570395,-0.034969986672765824,-1.1177921043604526
2.18,-0.12513461785786578,-0.04256790200328877,-1.230750351770188
2.19,-0.1256118895538631,-0.05286252328325266,-1.3228617975394807
2.2,-0.1262028515081414,-0.06530058427721289,-1.305124518732052
2.21,-0.12691507157419765,-0.07711152419726829,-1.3840864008945257
2.22,-0.12775426175876797,-0.09068927684438126,-1.4447581669945597
2.23,-0.12873564469863025,-0.10554485033082309,-1.3523540504863698
2.24,-0.12985274755940773,-0.1178323100469661,-1.383667007739525
2.25,-0.13109529726602817,-0.13063026093101765,-1.351404659593096
2.2600000000000002,-0.13246034989877126,-0.14233072788729048,-1.4010988554966632
2.27,-0.13394709003389466,-0.15496344778717877,-1.3541044587954019
2.2800000000000002,-0.13555264980548706,-0.1660930124249171,-1.3315500680282675
2.29,-0.13726500060151856,-0.17631969229573946,-1.2785484309901074
2.3000000000000003,-0.13907126001696127,-0.18487394257017975,-1.1708598417970972
2.31,-0.14094786412218238,-0.19038993018590145,-1.1616885640253047
2.32,-0.1428767641969254,-0.19533229615571174,-1.0439112766040783
2.33,-0.1448386554164058,-0.19699073238464365,-0.982945980472211
2.34,-0.14680786984811228,-0.1967986810983196,-0.8376689858341416
2.35,-0.14875544473899774,-0.19266758338741088,-0.9499564266246079
2.36,-0.15067426543212356,-0.19104591881778846,-0.7811705360577075
2.37,-0.15255430732536984,-0.18491765748449102,-0.7804011557773338
2.38,-0.15437164588262642,-0.17850723604514956,-0.7331064960254002
2.39,-0.1561177172275477,-0.17066765939729717,-0.7682174002855219
2.4,-0.1577886142025122,-0.16347370371045802,-0.689314595394826
2.41,-0.15937661203740303,-0.15409240865463597,-0.607092592076
2.42,-0.16085956642361393,-0.14247025807688196,-0.6334797812880311
2.43,-0.16222877734269106,-0.13134628077885935,-0.6170446841261877
2.44,-0.16348396135543233,-0.11966857597118889,-0.633208556253311
2.45,-0.164623759114406,-0.10827188009156519,-0.5632922389363938
2.46,-0.1656403296643808,-0.09502847189339426,-0.6279358755968859
2.47,-0.16653215263315033,-0.0833241360608964,-0.7447669849995397
2.48,-0.16732117625140105,-0.07446837818193965,-0.6777053130507437
2.49,-0.16801293732885497,-0.06387614409567577,-0.7487341004902244
2.5,-0.16860743325788471,-0.05501616753719357,-0.8172565251629595
2.5100000000000002,-0.1691216938091121,-0.04782948437696635,-0.6811931392669917
2.52,-0.16954694453802077,-0.03722029531694683,-0.5821506292963712
2.5300000000000002,-0.16985376929014595,-0.024150164998995194,-0.6334435611340128
2.54,-0.17003649064958992,-0.012401616036862248,-0.6731322521820872
2.5500000000000003,-0.17010693341627464,-0.001696418194278142,-0.6311396852797764
2.56,-0.17006540025752115,0.009989446954509516,-0.4875160401399138
2.57,-0.16988953551120412,0.02516249024386167,-0.4862093533559844
2.58,-0.16956244805140888,0.0402299486499765,-0.43192137000089786
2.59,-0.1690787067494016,0.05648768800858468,-0.3678239457943312
2.6,-0.1684253554078703,0.07414580822946516,-0.28539061756263906
2.61,-0.16758629129783625,0.09362320777824734,-0.16156192304523231
2.62,-0.16653837445562442,0.11590763679383004,-0.08238993796048512
2.63,-0.16525937264091287,0.13983212517053842,-0.002619491104126865
2.64,-0.1637330568378947,0.16536195758345232,0.03414216188110313
2.65,-0.16194899558309003,0.1913736611689396,0.21275025574452622
2.66,-0.15988490690205298,0.22135557065888894,0.25317491504445483
2.67,-0.15751868863685883,0.2517908666598536,0.43960128859201286
2.68,-0.15482785992005477,0.28626453036514876,0.41429587535626883
2.69,-0.15179884746146863,0.31941984800539697,0.5575145363294532
2.7,-0.14842404562674286,0.35541002685590634,0.6425306269112117
2.71,-0.14468274267069314,0.39270878403820175,0.645682290012057
2.72,-0.14057240386007777,0.4292081193285296,0.8563534464021173
2.73,-0.1360754115314563,0.4700245064426255,0.8900414482771719
2.74,-0.13117112779405576,0.5106556961856104,0.8284535338810265
2.75,-0.12587360670829034,0.548664289610206,0.9124299817389974
2.7600000000000002,-0.1201911425411324,0.5876330663082965,0.9026838654853407
2.77,-0.11412616115484235,0.6251591501678754,0.7511050051235437
2.7800000000000002,-0.10771103112954505,0.657658939095947,0.8812154848702358
2.79,-0.10096098555774513,0.6921313781740397,0.8424689600553213
2.8000000000000003,-0.09387768809001104,0.7243030613215214,0.8177741230634362
2.81,-0.0864825747237493,0.7544885601529541,0.7206085217747827
2.82,-0.07880471971463343,0.7808481465719864,0.7162779272130326
2.83,-0.07087089085085142,0.8056783609133775,0.6723827308259609
2.84,-0.0627014609331688,0.8279650117001035,0.6903641203802431
2.85,-0.054314241956832106,0.8492316696511215,0.5973063184137999
2.86,-0.045733414542969246,0.8666858052489009,0.5316760190537063
2.87,-0.036993700015480475,0.8810083779009769,0.5631717508086351
2.88,-0.02811431402436016,0.8946172900339169,0.41861186868266387
2.89,-0.019124432786129603,0.9031100600713707,0.39269317633440814
2.9,-0.01006032903912585,0.9094621819184325,0.2942529319223804
2.91,-0.0009524369506906383,0.911870812498555,0.4443121460829943
2.92,0.008190903120625951,0.9165484180088418,0.40307299708759164
2.93,0.017368415673732755,0.9187070453616654,0.3980040289811124
2.94,0.026559480231329438,0.9192600876165495,0.3909705602210286
2.95,0.035747837761244954,0.9181673415797724,0.375901791419905
2.96,0.04491608314558369,0.9152399833798014,0.4007036843563234
2.97,0.05405091689241884,0.911486577203992,0.40243900769500657
2.98,0.06314125032665728,0.9063423430344738,0.4342419758614002
2.99,0.07217700096457752,0.9005718569829695,0.4793257350247944
3.0,0.08115361899876884,0.8945173827871593,0.5856190691296789
3.0100000000000002,0.09007594555649101,0.8897133220326049,0.5708263058456856
3.02,0.09894137241666429,0.8831404608185374,0.5711042801454967
3.0300000000000002,0.10773418593263752,0.8751936427420829,0.5724514915445903
3.04,0.11644087281472483,0.8659184134748942,0.592030855867985
3.0500000000000003,0.12505052433743846,0.855789616716557,0.7199715711914318
3.06,0.13356821260526994,0.847525752732632,0.6738712557114285
3.0700000000000003,0.1419908755728735,0.8367892383505007,0.6524677079304232
3.08,0.1502970135615955,0.8242253224410616,0.6236839368800905
3.09,0.15846757368735487,0.8096789097074724,0.5685996728588432
3.1,0.16647961325333122,0.7925277457133735,0.5950525012246378
3.11,0.17431745660830528,0.7748444296334095,0.6081533247806652
3.12,0.18197426115042956,0.7563252700168528,0.5034068013575772
3.13,0.189427131664816,0.734066657182341,0.46376746858884554
3.14,0.19664707454819405,0.70974781481977,0.41100695350381433
3.15,0.2036120987331845,0.6830919290009871,0.37081709306749666
3.16,0.21030067822023513,0.6544681344064157,0.2270001636145148
3.17,0.21668049307795106,0.6213519061928047,0.23602884909206875
3.18,0.22272608068912425,0.58763221124715,0.14791944336617877
3.19,0.2284195791788706,0.5509466917697683,0.18125680265730207
3.2,0.2337468631589342,0.5143990731243863,0.05022712551114922
3.21,0.23868910499427104,0.47395293033520136,0.07635290748278327
3.22,0.24322737004736117,0.4336147165719859,0.09097767465713305
3.23,0.24736163293175104,0.3931638013951022,-0.023883630485952483
3.24,0.2510749570453179,0.3494421811888744,-0.05045007052829527
3.25,0.2543461126399971,0.30474353740941473,-0.011467908550367736
3.2600000000000002,0.25717391016047353,0.2607822711924221,-0.009927143325365604
3.27,0.2595614026811024,0.2166951282426588,-0.03636541688331249
3.2800000000000002,0.26150421974755866,0.17186060364862055,0.0711343266249502
3.29,0.2630119961107228,0.12969652790033762,0.1946411254087948
3.3000000000000003,0.2641137108637268,0.09065653759751115,0.13679919735249943
3.31,0.26481822622604917,0.0502694398625769,0.20423667905194592
3.3200000000000003,0.26512808233431273,0.01173400538004312,0.2341727105346488
3.33,0.2650573925289672,-0.02582988432676009,0.38010167428415703
3.34,0.26463063076573273,-0.05947437298929684,0.3833927983161125
3.35,0.26386937059580584,-0.09272042170522439,0.47394135219726136
3.36,0.26278875129974655,-0.12333987456271339,0.6768229284912026
3.37,0.26142923020482345,-0.14849865138979326,0.6492058174666284
3.38,0.2598167152285061,-0.1739311618387376,0.8264422018818235
3.39,0.25797424232961835,-0.19448891200993113,0.9210588418674622
3.4,0.25594028066707575,-0.21222651393246134,0.923353931289983
3.41,0.2537315814242314,-0.22943208053684766,0.9954333789442116
3.42,0.2513622966559869,-0.2443415709369958,1.113608441642069
3.43,0.24886119061802175,-0.25579635417070107,1.044578065648138
3.44,0.24623945233896072,-0.26846339226965005,1.0530214392424377
3.45,0.2434947633165803,-0.2803839112654746,1.0330863094377827
3.46,0.24063112482744156,-0.29225008180713147,1.1110322524754244
3.47,0.23766138333185138,-0.30160430490780393,1.1818387990048604
3.48,0.2346097669178631,-0.3086253616963189,1.1464279676175768
3.49,0.23148634469740254,-0.3159632283540517,1.0346873879175325
3.5,0.2282784968310644,-0.3255058918376571,1.0164955287165356
3.5100000000000002,0.22497598617987982,-0.3348934240800956,1.007164924230756
3.52,0.22158153934995217,-0.3438911029801872,1.0173434406422375
3.5300000000000002,0.2181015473992846,-0.35200114289113243,0.9617234387295059
3.54,0.2145367170770478,-0.3608557597337927,0.9525136565691207
3.5500000000000003,0.21088548305401292,-0.36928008314640604,0.9285405323429732
3.56,0.2071503596298131,-0.37763153750461503,0.874227212046542
3.5700000000000003,0.2033283542309179,-0.38665350769623336,0.8674284629027489
3.58,0.19941877824684134,-0.39514395520822987,0.8658813218926542
3.59,0.19542765117797956,-0.40296235034848193,0.8440831738311174
3.6,0.19135920711903845,-0.4106055735063497,0.8732846724408652
3.61,0.1872216110126289,-0.4167925784054607,0.9487490477864814
3.62,0.18303519613942465,-0.4203709407325856,0.8990259806119161
3.63,0.17881038044814399,-0.42447130667727795,0.8931074142202526
3.64,0.17454745144703956,-0.427993349373957,0.8328096211223784
3.65,0.17024541636429233,-0.4322907992559176,0.9681867077189017
3.66,0.16592097876021972,-0.4324777988822324,0.8867255829842324
3.67,0.16158807044595236,-0.4339834767027834,0.9509975936361141
3.68,0.15725172747784766,-0.4331672816070934,1.1020599491541718
3.69,0.15294591008345815,-0.42788412502297596,1.1312792965529948
3.7,0.14869990737598512,-0.42120762071688744,1.1221030860028776
3.71,0.1445227624866162,-0.4141150314141991,1.0729766172291888
3.72,0.1404135788357614,-0.4076167299850468,1.1623621325630082
3.73,0.13638364941111453,-0.3982695114452899,1.1614867700844635
3.74,0.13245003928956942,-0.388356212485193,1.2324568063857142
3.75,0.12862726810740885,-0.3761073356068187,1.3082801871361052
3.7600000000000002,0.12493912272689492,-0.3614373875699056,1.1897728138636048
3.77,0.12138538146348395,-0.34922762276639685,1.1117187433697766
3.7800000000000002,0.11794646123189138,-0.33847481946476643,1.0519382843833032
3.79,0.11461002644546293,-0.32873230467226006,1.0556012328189504
3.8000000000000003,0.11137383648625002,-0.3184292308570844,0.98613606610109
3.81,0.10823427411268886,-0.30940809382009143,0.8633951041054336
3.8200000000000003,0.10517183999385696,-0.3030029302684447,0.8433082542698337
3.83,0.10217320365899384,-0.29665025595397126,0.6883577083437343
3.84,0.0992209691638368,-0.2937202138111017,0.7034146730901346
3.85,0.0963021925615931,-0.2899605113253769,0.5981224851793038
3.86,0.0934101037737184,-0.28838108987798544,0.4935927043130117
3.87,0.09052304769772293,-0.2889518550370327,0.30918218618904747
3.88,0.08760962906387873,-0.2936485351677322,0.25329420955268
3.89,0.08464478041669857,-0.2992355682404552,0.11874068005999373
3.9,0.08160985821793156,-0.30765838155749214,0.0086008303268582
3.91,0.0784797026696951,-0.31827738250311294,-0.07963349122024345
3.92,0.07523523511413621,-0.3305160327881075,-0.2103455610392691
3.93,0.07185510787732617,-0.345402902223339,-0.2910110533513468
3.94,0.0683192795741719,-0.36165066886040076,-0.24243496632776865
3.95,0.06463043042028634,-0.3760050413823135,-0.34433678310156807
3.96,0.060788782894791844,-0.39220433502805385,-0.36561697703720497
3.97,0.056786127441835775,-0.4082025839422345,-0.3571364560549042
3.98,0.052628306639321165,-0.42323433729685,-0.5141913616081994
3.99,0.04830442958137717,-0.4414060989321211,-0.47730021927015887
4.0,0.04380752452628811,-0.4578372207294001,-0.43113006633091316
4.01,0.039156231768543624,-0.472281684550329,-0.4145807180633387
4.0200000000000005,0.03436677688981307,-0.48546734633631117,-0.4412534106584664
4.03,0.02944642285302089,-0.49845827458685893,-0.35466787423904816
4.04,0.02441133877912828,-0.5084135699337331,-0.37652592349483566
4.05,0.019278341703623237,-0.5180386500093849,-0.427536894234621
4.0600000000000005,0.014047163690815743,-0.5280467589999658,-0.3938164071106836
4.07,0.008724632757158866,-0.5363086819098012,-0.2896036878960774
4.08,0.003337014300146511,-0.541066279126006,-0.29293375015745243
4.09,-0.0020941304403554557,-0.5450136475183746,-0.40224609709992815
4.1,-0.0075739103361160305,-0.5507900593463705,-0.23703198122086408
4.11,-0.013086275393702714,-0.5515351636511424,-0.2783661454751814
4.12,-0.01860682018258335,-0.5524256101685928,-0.252149224576863
4.13,-0.02412856102996477,-0.5517759540859369,-0.35691204979744773
4.14,-0.029652483595964927,-0.5528600056200135,-0.37813126792379076
4.15,-0.03518544259831427,-0.5535833341266625,-0.4520319015541808
4.16,-0.04073040472109569,-0.5552592329626281,-0.307210984447842
4.17,-0.046269572902730455,-0.5524294355737609,-0.48613667908701824
4.18,-0.05179842522586527,-0.5531924261936321,-0.4449916842596782
4.19,-0.05732532449132942,-0.5520408293969358,-0.6059854985228457
4.2,-0.06285640003684273,-0.5540241292408772,-0.6153403724279847
4.21,-0.06840397402235379,-0.5553406787114623,-0.7559970929167004
4.22,-0.07397776102684878,-0.5592631332577832,-0.7377554838901837
4.23,-0.0795838879161881,-0.5618091268768614,-0.7112257334996862
4.24,-0.08520757408706214,-0.5627760617141174,-0.8588451445386807
4.25,-0.09085478452934813,-0.5665102465822515,-0.7711056001330031
4.26,-0.09652371913557423,-0.567123475627603,-0.8276980890380193
4.2700000000000005,-0.10220125454246234,-0.5682294757107301,-0.9069965981427187
4.28,-0.1078951209754428,-0.5703879332915645,-0.8798056181904903
4.29,-0.11360250669833923,-0.5709344914634289,-0.8668921244297385
4.3,-0.11930911225561729,-0.5702330449971034,-0.8248379132063275
4.3100000000000005,-0.12499886080719563,-0.5675654263920799,-0.8170578446412861
4.32,-0.1306564403684631,-0.5638010630713037,-0.7895530067886332
4.33,-0.13626848076247858,-0.5584602778228289,-0.7123023603983318
4.34,-0.14181309824935226,-0.5503210613354701,-0.6894338500756042
4.3500000000000005,-0.14726923558316118,-0.5407679238631223,-0.6371537236408545
4.36,-0.1526191993771363,-0.5290912726629442,-0.5048965932718964
4.37,-0.15783193314577543,-0.5133297851218657,-0.38518861750566635
4.38,-0.1628684003782239,-0.49384652511373506,-0.4315973230678527
4.39,-0.16771236746489,-0.47483430674752747,-0.2816661655021236
4.4,-0.17234419311699728,-0.4514285361874183,-0.24391956914627674
4.41,-0.1767342536656963,-0.42648937218720845,-0.19460360089911874
4.42,-0.180866018835308,-0.39977828310652586,-0.04388859432677246
4.43,-0.18470939252518684,-0.36882339429335337,-0.06133229290905465
4.44,-0.18824328968151732,-0.3378913583760981,0.08125254683291964
4.45,-0.19144823182099663,-0.30304554206940076,-0.0013211653083161842
4.46,-0.1943135669625506,-0.2699773675620012,0.07715391962083781
4.47,-0.19683720326527404,-0.2347175042328453,0.0550267220865233
4.48,-0.199010128104581,-0.199844332894619,0.025573038763965807
4.49,-0.20083739846367088,-0.16559549697170256,0.0781174800363165
4.5,-0.20231529576466478,-0.12998085662071085,0.015602911986194122
4.51,-0.20344484903294205,-0.0959346852919728,0.0181779445260358
4.5200000000000005,-0.20423386033528163,-0.06188193412268845,-0.05847146767246128
4.53,-0.20469242809226124,-0.029853009729388896,-0.1619133741594273
4.54,-0.20484433701878105,-0.0005557897374151577,-0.17004695314642948
4.55,-0.20470517836477128,0.0283528183717514,-0.22375120358088374
4.5600000000000005,-0.2042847507177667,0.05569185434297409,-0.24211776107369803
4.57,-0.203594522451662,0.08230620981613315,-0.3995168522427848
4.58,-0.20265927947210985,0.1046924964224482,-0.419028866889427
4.59,-0.2015041627334236,0.12627571525473535,-0.5630375488053005
4.6000000000000005,-0.20015288443078944,0.14392357049401044,-0.4997524438955483
4.61,-0.19861897133202638,0.16279631721651833,-0.6359700476994816
4.62,-0.19691524940592517,0.17788468570980467,-0.7148959939198616
4.63,-0.1950724261008121,0.19061528221082433,-0.6625406276846159
4.64,-0.19309773882428327,0.2042528961904199,-0.6311254951613684
4.65,-0.1909848686467398,0.2182476980744087,-0.7811145497065265
4.66,-0.1887529933421029,0.22805514297110008,-0.76957185038276
4.67,-0.18642379258900776,0.23771031305516416,-0.7548605941418853
4.68,-0.18399846756242194,0.24727749400169885,-0.7696929185403562
4.69,-0.1814816573685246,0.2560057780481197,-0.6837715289485299
4.7,-0.1788692299017294,0.2663966048446137,-0.7278750651956848
4.71,-0.1761609105427654,0.27518329536792163,-0.7050015577194702
4.72,-0.17336440880459814,0.2840306628694139,-0.6193812844518705
4.73,-0.17047136484195013,0.2944874471644024,-0.665764962888816
4.74,-0.16748228044209187,0.30323801352550805,-0.5872509554182681
4.75,-0.16439865827579594,0.31339099643172086,-0.6414109236541807
4.76,-0.16122314447229305,0.3216159675184742,-0.641943395749876
4.7700000000000005,-0.1579683367458988,0.3292483343442357,-0.6674838232573073
4.78,-0.15464332168396777,0.335656914407157,-0.484038790267582
4.79,-0.15123428536836742,0.346046141681658,-0.6023978554971444
4.8,-0.1477392650421236,0.35285528760884544,-0.5919771511165821
4.8100000000000005,-0.14417794368237896,0.3593050262984828,-0.6323165457231703
4.82,-0.14056028456107328,0.3641231489599334,-0.658135055061833
4.83,-0.13690077912683113,0.36767460494934073,-0.7074492414347551
4.84,-0.1332150114377923,0.36937696118329566,-0.6660888730996608
4.8500000000000005,-0.12951011808566454,0.3714988725310214,-0.871811684159361
4.86,-0.12581274599080167,0.3678791361064539,-0.9616642358775507
4.87,-0.12216565275430882,0.36144755732850264,-1.0023994760425508
4.88,-0.11859069008749994,0.35345672756029056,-1.0889649370119874
4.89,-0.11510905123704804,0.34278825728159457,-1.055920063951651
4.9,-0.11173242448589876,0.33245686297172766,-1.122007964612597
4.91,-0.10846972711053258,0.32000778697639193,-1.277656331270987
4.92,-0.10535313820575949,0.3032437760611497,-1.3606019307370365
4.93,-0.10241647065538935,0.2840310347595749,-1.3634519050001195
4.94,-0.0996739909144774,0.26441192853218165,-1.32229872400178
4.95,-0.09712410263872184,0.24551719706467223,-1.5690597881348192
4.96,-0.09479533852966808,0.22019993100748814,-1.426882138597749
4.97,-0.09270301524483637,0.19823185036755353,-1.5201485130772463
4.98,-0.09084292951977534,0.17376135608951662,-1.4149297072273732
4.99,-0.0892150768292992,0.1517888408338735,-1.5086304326732252
5.0,-0.08781918510668037,0.12737801077143093,-1.444090404843142
5.01,-0.08665963081229035,0.10452605340991604,-1.4679567160182543
5.0200000000000005,-0.08573171457456856,0.08105728746832641,-1.3928291981424852
5.03,-0.08502905044574569,0.059479670408795204,-1.2155604635446362
5.04,-0.08451987239332047,0.04236051750844102,-1.1755998192543602
5.05,-0.08417671908263544,0.026278077328934633,-1.1609293108652974
5.0600000000000005,-0.08399227984527897,0.010621512339073394,-1.102736502743317
5.07,-0.08395675506743247,-0.0035024489478381396,-1.0683075297942775
5.08,-0.08405771576523763,-0.016672933504332244,-0.9055990041413259
5.09,-0.08426955178436465,-0.025678975899907665,-0.7995721493638716
5.1000000000000005,-0.08455774283715144,-0.03194481109421093,-0.7159942869856963
5.11,-0.08489772004813845,-0.03603713379360932,-0.6336236719516087
5.12,-0.08526793242013288,-0.03799330845528411,-0.6070979332324786
5.13,-0.08565403287336336,-0.03921510565060641,-0.48265961808560487
5.14,-0.08603647889115049,-0.03726590045950443,-0.41695864134973143
5.15,-0.08639099866087767,-0.03363240193176481,-0.29430199351463054
5.16,-0.08669372665112647,-0.026912227475570438,-0.21789869652260555
5.17,-0.08691971316294632,-0.018288198518584313,-0.2792419494781766
5.18,-0.08706722660674752,-0.011218065529001647,-0.2804459890367063
5.19,-0.08714431491000249,-0.0042050021829197716,-0.22321645588229402
5.2,-0.0871443157952538,0.004195866325678899,-0.23551024251924457
5.21,-0.08706213200226726,0.012230115676226817,-0.23370470672230342
5.22,-0.08689972472958857,0.02023843396507119,-0.19600781828103628
5.23,-0.0866529406688976,0.0291022935390104,-0.24534416016705668
5.24,-0.08632417641201698,0.036633691490429755,-0.16504042926440227
5.25,-0.0859106080770661,0.04605881149486138,-0.20315898439506208
5.26,-0.08540820144871852,0.05440011991914334,-0.1869124422520807
5.2700000000000005,-0.08482104830437603,0.06300555753432457,-0.20727627162332302
5.28,-0.0841511505405268,0.07094753033660608,-0.2290195871275643
5.29,-0.0834053583691831,0.0781831560312175,-0.2291010730091667
5.3,-0.08258807016745061,0.08524500435798656,-0.17604986606429707
5.3100000000000005,-0.08169444853694079,0.09344657988569068,-0.16671303339754892
5.32,-0.08071864882918273,0.10167838509191512,-0.09472723290193427
5.33,-0.07965262232669233,0.11148783892912134,-0.06560736292208763
5.34,-0.07848606560889936,0.12178121934180702,-0.08435621496578351
5.3500000000000005,-0.07722020679576486,0.13134637626296325,0.04397418427826847
5.36,-0.07584403920382982,0.14383690339437566,0.03734458553658297
5.37,-0.0743453305263508,0.15585182228655176,0.1435508245527707
5.38,-0.0727148459578357,0.17018608446049494,0.2343095150785947
5.39,-0.07093150436098405,0.18641711879866038,0.22320866883340956
5.4,-0.06898922956805159,0.2019692014669436,0.4111386724568516
5.41,-0.0668700921529711,0.22178037791146332,0.49358091443449265
5.42,-0.06454494603308845,0.2431637656604124,0.5556434851234192
5.43,-0.06200082979496661,0.2655674709284999,0.6160480653591498
5.44,-0.059227957199603644,0.28890793867707315,0.6867257331395817
5.45,-0.05621589434563044,0.3133979234613304,0.7174732927844006
5.46,-0.05295835653669229,0.3379962781558251,0.8049597866099667
5.47,-0.049447383116378564,0.3640767218412275,0.8329248440470319
5.48,-0.04567582962480162,0.39010541852292646,0.8961933937249268
5.49,-0.04164001617278236,0.41692085239859383,0.8506718099221293
5.5,-0.0373458807750804,0.44176504995675175,0.9297371617109308
5.51,-0.03279773480951414,0.46771504484827214,0.9199369676930066
5.5200000000000005,-0.027995843413144286,0.49250863603613904,0.8885254336790943
5.53,-0.022954627487577043,0.5155754435854316,0.8450833404250011
5.54,-0.017692985620372574,0.536590166195498,0.8556321513238343
5.55,-0.012224809148853485,0.5568776596563113,0.6964955085427411
5.5600000000000005,-0.006578672003000215,0.5721828894892247,0.7466560886623553
5.57,-0.0007782630612217858,0.5877276617509165,0.6735552759692733
5.58,0.005163309126298498,0.6004148235502816,0.6090237589459627
5.59,0.011218523287158425,0.6104558376630197,0.5450712433748749
5.6000000000000005,0.017360990531787874,0.6178658957986654,0.423829383054121
5.61,0.02355727685178767,0.6212225029182099,0.3756340962650666
5.62,0.029776053884227268,0.6223657477873586,0.3558974527090678
5.63,0.035998794226482396,0.6220165861215701,0.286069658507521
5.64,0.042204372985681526,0.6189367236400564,0.22194514775568855
5.65,0.04836630017906875,0.613290085971956,0.09083024884634351
5.66,0.05445067410482468,0.6034325321564127,0.15725405412560792
5.67,0.060440226662960235,0.5943274351079607,0.16223181438741005
5.68,0.0663348655474179,0.5844530388271363,0.1376119646431584
5.69,0.07212330547749349,0.5730919477110906,0.09222033211595207
5.7,0.0777882216840894,0.5597535819257343,0.005797566840228474
5.71,0.08330488772433603,0.5434489196596544,0.1431363079077545
5.72,0.08867176517532116,0.5297969201482204,0.10927214814088122
5.73,0.09389405327283643,0.5145365121548908,0.017802342513529273
5.74,0.09894865143896592,0.496266517161138,0.1969045504282841
5.75,0.1038394438904565,0.4817756147026151,0.14136271174036447
5.76,0.10857495470454424,0.46521644786579014,0.1917645920547318
5.7700000000000005,0.11314790720325214,0.44926755716172917,0.2664647185988345
5.78,0.11756754091828121,0.43455538716267006,0.4028061873029867
5.79,0.12185398821526125,0.4226307788717392,0.3593268254689943
5.8,0.12601270567812178,0.4090145614643928,0.4263499310896345
5.8100000000000005,0.1300407172885195,0.3964918671802053,0.5300509196136884
5.82,0.1339535973535245,0.38598910782206997,0.5460271601351568
5.83,0.1377606246627803,0.3753242527152487,0.47780876598786876
5.84,0.14144976619069277,0.3624174399143497,0.47997176536502506
5.8500000000000005,0.14500755057213424,0.34905677941641133,0.4302456461853023
5.86,0.1484230876392513,0.3339735917805999,0.45204287326642706
5.87,0.15168824515359353,0.3189847778288083,0.4941254011315763
5.88,0.1548066136325767,0.3046190421350606,0.472033284380109
5.89,0.1577765161233825,0.28929657830639427,0.4314081002358004
5.9,0.1605862263041147,0.27258636910424494,0.44475666590212554
5.91,0.1632287753520993,0.255868870398401,0.32240785541628686
5.92,0.16568730205466892,0.23579046850394808,0.3226994502847864
5.93,0.16794375851602594,0.21546058183714203,0.3266941577396329
5.94,0.16999626496317083,0.19500615373417649,0.28585310483083115
5.95,0.1718381549551779,0.17334432830065485,0.28031506224213704
5.96,0.17346197149202866,0.15139773218119812,0.22200251112920155
5.97,0.1748584735809264,0.12788933435554206,0.16885367198701162
5.98,0.17601292796069443,0.10299631179741589,0.19274104680414716
5.99,0.1769213430946425,0.07868762497697106,0.1240635865088365
6.0,0.1775782002359442,0.05269343223648189,0.10188734016627869
6.01,0.1779727095023461,0.02622577858574265,0.23321671046317866
6.0200000000000005,0.1781195136771408,0.00315561413560278,0.23263353354472868
6.03,0.1780362224356591,-0.019787101305489104,0.29279814967738577
6.04,0.1777318718738923,-0.04105194943494406,0.24482086168851586
6.05,0.17720987768298133,-0.06330877557597832,0.3733533277049386
6.0600000000000005,0.17648254756649032,-0.08211716057646379,0.4320292416683128
6.07,0.17557570322695426,-0.09920851499245818,0.49639321973005673
6.08,0.17450731255279006,-0.1144239908714711,0.5100295160387774
6.09,0.17328987548187777,-0.12901437265786886,0.6930475138968295
6.1000000000000005,0.17195086832269943,-0.13873986874493602,0.8436085995575431
6.11,0.17053482291430996,-0.14442423244623814,0.9067182470105287
6.12,0.16907116664807345,-0.14826272035992158,0.9445351629316209
6.13,0.16757517841446243,-0.15089104923488522,1.0568039220359091
6.140000000000001,0.16606822917999006,-0.15045790560367422,1.172570763507135
6.15,0.16458127217773047,-0.14689650812823066,1.0664380305660666
6.16,0.1631177899043873,-0.14576103654652917,1.259043889144166
6.17,0.1616908450055427,-0.13959541793656127,1.3431195554102242
6.18,0.16033699853715963,-0.13114580618124866,1.3897155848668066
6.19,0.15907427648518055,-0.1213744548042136,1.4686560729066482
6.2,0.1579198092004573,-0.10950007156563603,1.4564750652653906
6.21,0.1568831006840345,-0.09782572050164565,1.4196158335392965
6.22,0.1559589830215831,-0.08698410080725061,1.411912824257499
6.23,0.15514270161107466,-0.07626129872119572,1.4182628882933535
6.24,0.15443473660046014,-0.06532401566257129,1.3243272193614979
6.25,0.1538246292902184,-0.056689980736257514,1.3131906970535696
6.26,0.15329967329357158,-0.04829582672525752,1.3174064224507653
6.2700000000000005,0.15285932306924901,-0.03977127885513761,1.3214645744489992
6.28,0.15250478913713897,-0.03113503303035864,1.1634467395920578
6.29,0.15221690081515002,-0.026439775369298667,1.1148866268389541
6.3,0.15196998148368812,-0.022941078443782008,1.072947565309495
6.3100000000000005,0.15175289924500726,-0.02047207403504693,1.0773866464567246
6.32,0.15156115258050162,-0.017874792620179224,0.9589337032900799
6.33,0.15138067240728872,-0.01821595012372246,0.9885114650375746
6.34,0.15120062884666147,-0.017788302164716507,0.8267998684054112
6.3500000000000005,0.15100482596979556,-0.02136311511306447,0.8322748701484244
6.36,0.1507742416984289,-0.0247438388483131,0.8050349724690046
6.37,0.15050675851788486,-0.028741232527419346,0.8348160503943828
6.38,0.1502033727031628,-0.031924254786710064,0.8354242186036958
6.390000000000001,0.14986859071441722,-0.03501970462959267,0.7021115371770364
6.4,0.14948660870000516,-0.04135951299543917,0.7323335533659967
6.41,0.14904552953385433,-0.04683844177203489,0.8005783360170902
6.42,0.1485587224833156,-0.05050577589756696,0.760405902704958
6.43,0.14803075657348524,-0.05506813845132131,0.7294034725567888
6.44,0.14745388973079335,-0.06028393432367454,0.8706852604510259
6.45,0.14684313683313094,-0.06184832213771213,0.8561272011722609
6.46,0.14621547717777886,-0.06366455944572817,0.8665287780571582
6.47,0.1455715275837148,-0.06510626850181425,0.8246782261804247
6.48,0.14490851683485637,-0.06747528545357606,0.9010644975614928
6.49,0.14423196553760614,-0.06781617565000395,0.8319575871418062
6.5,0.14354395019006483,-0.06976607106112308,0.8850598939045934
6.51,0.1428436872586263,-0.07026690797490458,0.7618901473705169
6.5200000000000005,0.14212364291691668,-0.07371867150504655,0.7322353474627175
6.53,0.14136608902064363,-0.07776716553873544,0.7424596174443047
6.54,0.1405700829648528,-0.08140849562508579,0.6441125257301252
6.55,0.13972617280156185,-0.08734424176283713,0.6499544520336917
6.5600000000000005,0.13882452683735977,-0.09295443797046116,0.5566475559197799
6.57,0.1378560706120679,-0.10070220383218512,0.41633627511840426
6.58,0.13679369443452055,-0.11173238181494344,0.3775119625612582
6.59,0.1356174212212243,-0.12347776138089936,0.2616492557630024
6.6000000000000005,0.13431060813223328,-0.13783403657315232,0.22594312065876967
6.61,0.13285733934278782,-0.1527643247616932,0.046855133605603234
6.62,0.13123413112080226,-0.17181293379478976,-0.04584134745273295
6.63,0.12941085495196472,-0.1927704694019315,-0.06442014050991121
6.640000000000001,0.12737789326059032,-0.21374435867561603,-0.11093014477075648
6.65,0.12513176900267203,-0.23539651169459885,-0.21567846362836018
6.66,0.1226586317037418,-0.2591386247854381,-0.39836708667660164
6.67,0.11992811657633366,-0.2868609085227779,-0.4680347241517064
6.68,0.11691486252644434,-0.3156776450370826,-0.46995248160251957
6.69,0.11361663975247166,-0.34384770100052303,-0.6096132074922413
6.7,0.11002294240534989,-0.37476172397195384,-0.6973155654243127
6.71,0.10611314251361137,-0.40705828688343315,-0.6756500551894684
6.72,0.10188735529493276,-0.4379522585875065,-0.6796897038696033
6.73,0.09735660430230682,-0.46804378680416947,-0.7524975242096726
6.74,0.09252055225631636,-0.4990034416702309,-0.7906862136532918
6.75,0.0873751078937786,-0.5299141077628166,-0.7669736801965791
6.76,0.08192872468588855,-0.5591850081879746,-0.6392046060173098
6.7700000000000005,0.07621095903839208,-0.58418800291389,-0.6797001475097979
6.78,0.07024357061490695,-0.6091031062673092,-0.6117055424131473
6.79,0.06404116189131358,-0.6311889267026627,-0.5521464954903603
6.8,0.05763105991388153,-0.6506391484703031,-0.48704630458060955
6.8100000000000005,0.051040382789259986,-0.6673022330449093,-0.4889094538327786
6.82,0.04428869459693159,-0.6828383859721456,-0.4021269931734986
6.83,0.03739840643325333,-0.6950222143603345,-0.42891477121102356
6.84,0.030388868946113735,-0.7066857222836258,-0.3638624037895854
6.8500000000000005,0.023276813816228363,-0.7155261021274708,-0.36374637349213845
6.86,0.016082355533874777,-0.7231655017074984,-0.22919751283462855
6.87,0.008834292433281932,-0.7262505398392165,-0.2677638137700397
6.88,0.001556461770144007,-0.7291184780146249,-0.2919136931983126
6.890000000000001,-0.005747151796669049,-0.7314070555484303,-0.2692559658055438
6.9,-0.01306491633279784,-0.7319501387604898,-0.26747841544035866
6.91,-0.02038202935632696,-0.7312780271406685,-0.23378740159461786
6.92,-0.02768239992852471,-0.728604168861287,-0.36798767262902893
6.93,-0.034967030069631644,-0.7281279349609072,-0.36546408497786653
6.94,-0.04224077809751452,-0.7264292366820115,-0.362713164251986
6.95,-0.04949143868872078,-0.723512238887101,-0.2508134966925908
6.96,-0.05669327281663815,-0.7166692913226119,-0.3651544290001819
6.97,-0.06383540743671348,-0.7115719097810917,-0.4542966489199246
6.98,-0.0709321378656113,-0.7075883000525722,-0.4475473076274414
6.99,-0.07798263478220738,-0.702327609822861,-0.4117305224086558
7.0,-0.08497057736737226,-0.6950810150878671,-0.5532614469690055
7.01,-0.0918983372528922,-0.690289837992487,-0.5810144229445487
7.0200000000000005,-0.09877623496945998,-0.6851100918523846,-0.5161900892410968
7.03,-0.10558888500717822,-0.677244664758955,-0.55821166858325
7.04,-0.11232289378208261,-0.669383684798978,-0.5468670714153047
7.05,-0.11897170526114369,-0.6602086271895358,-0.594379816731658
7.0600000000000005,-0.12552962509487975,-0.6512073395535494,-0.45227415666480925
7.07,-0.1319748012590868,-0.6376674921481013,-0.43378301310467143
7.08,-0.1382775047618556,-0.6227178788377772,-0.45360576519311024
7.09,-0.14442857204329856,-0.6073445239759643,-0.40309317832691166
7.1000000000000005,-0.15041512294553522,-0.5898210807762653,-0.4880163630768436
7.11,-0.1562327475908143,-0.5735622418437154,-0.299471999211468
7.12,-0.16186007163411142,-0.5517717770848782,-0.2827394661835562
7.13,-0.1672635457499657,-0.5287993739176264,-0.1917475466785821
7.140000000000001,-0.17242230573406475,-0.502838592952107,-0.12031121009404525
7.15,-0.177309203858056,-0.47443683639537804,-0.11495455676936961
7.16,-0.18190837304522056,-0.445301289742714,-0.13018754061253185
7.17,-0.1862152996122971,-0.41599635382159883,0.018874052102599407
7.18,-0.19020804096827812,-0.3824772440606767,0.0018523130977503785
7.19,-0.1938655697854964,-0.3489629622536399,0.05172820031480353
7.2,-0.1971798643717964,-0.31384149251726384,0.05702590329191308
7.21,-0.20014074942551277,-0.27829121174535204,0.07798767405676815
7.22,-0.2027422888334333,-0.24198306880593676,-0.024376609861820067
7.23,-0.20499260765154148,-0.2080542581147715,0.13594618318897048
7.24,-0.20688294595092266,-0.17000133519170754,0.059820800129751724
7.25,-0.20840199347266333,-0.13380443390364297,0.06326102418703416
7.26,-0.20955863174202272,-0.0975296500949239,0.0564570537396885
7.2700000000000005,-0.21035366423741148,-0.06149309957552323,-0.10133919786828768
7.28,-0.21080859792650317,-0.029515045244812146,-0.26090673872945214
7.29,-0.2109643817844146,-0.001667076034267228,-0.2906242192268108
7.3,-0.2108462287712335,0.025265659911803483,-0.38651647493974833
7.3100000000000005,-0.21047174138090727,0.049595422463106935,-0.4347457161244167
7.32,-0.2098611287305507,0.07248566141509104,-0.4904663162804397
7.33,-0.20902986748263067,0.09372075806897903,-0.6787413921495121
7.34,-0.20801116733082808,0.10997353852225171,-0.6432028712353747
7.3500000000000005,-0.2068269213935082,0.12682467679886872,-0.8132874248426167
7.36,-0.2054969490692917,0.13911963298523117,-0.7944961719101432
7.37,-0.2040432190685039,0.1515726198483707,-0.8792043722230012
7.38,-0.2024771670792901,0.16158353522762375,-0.945422247407478
7.390000000000001,-0.20082091575488095,0.16961212179078272,-0.9802130716959139
7.4,-0.19909037428914203,0.17644081064884473,-1.040655122496581
7.41,-0.19730075995349824,0.18142705449393964,-1.0714801960235318
7.42,-0.19546678759217254,0.18531239499862295,-1.1423959733163083
7.43,-0.193604463754601,0.18709883914282907,-1.0677950336683661
7.44,-0.19171657866145822,0.1904223367279831,-0.9734864781605561
7.45,-0.1897853772913885,0.19575878751502954,-0.9585894995923708
7.46,-0.18780073858848015,0.20110835135778887,-0.9770129179206465
7.47,-0.18576673049706569,0.20563222310790252,-0.9883619278981339
7.48,-0.18369073857001075,0.20950469708473002,-1.0346345444182572
7.49,-0.18158364313036462,0.21185373652360376,-0.9040687956208505
7.5,-0.17943859536586518,0.21709108092546714,-0.9542894901799999
7.51,-0.17724938939878487,0.22068595856646514,-0.9316861951571852
7.5200000000000005,-0.1750233455855162,0.2244574955211259,-0.9225476306583331
7.53,-0.17276041164098838,0.22806319578841577,-0.8874651865236742
7.54,-0.1704590334465732,0.2321448311627382,-0.9033807935914482
7.55,-0.16812085857597356,0.23542242876881656,-0.8817486244325522
7.5600000000000005,-0.1657492454124101,0.2388314837335054,-0.9347375671322748
7.57,-0.16335221633689612,0.24050681555974648,-0.9094725301917072
7.58,-0.16093730819264387,0.24240662096873083,-0.7943873264768677
7.59,-0.15849109503637143,0.2467643925932853,-0.9365576474494154
7.6000000000000005,-0.15602119051000715,0.24714853777822715,-0.976094053184905
7.61,-0.15355441079650137,0.24614105274048056,-0.9741378024776034
7.62,-0.15109944500245523,0.24478649886212844,-1.0062877398742944
7.63,-0.14866399419409057,0.24223991019199304,-1.1412655893485704
7.640000000000001,-0.14627274432818613,0.23595155501055315,-1.1411886437707783
7.65,-0.14394610231011604,0.22932051300316758,-1.129836631578984
7.66,-0.14168602289688367,0.2226409415764302,-1.205068237879168
7.67,-0.13950373261675275,0.21376718327094218,-1.2513727756883648
7.68,-0.13741742510726856,0.20344857535548527,-1.213037941692054
7.69,-0.1354308636708241,0.19381997703317624,-1.3506163510547937
7.7,-0.13355902934678662,0.1805102246585816,-1.3298230843928627
7.71,-0.1318187604248799,0.16751016442491032,-1.3671741703557652
7.72,-0.1302141146310712,0.15339049580193378,-1.2628343088178664
7.73,-0.12873846723179774,0.14171140091623247,-1.419369036846642
7.74,-0.12739992719504223,0.12597708148779949,-1.3275545880768558
7.75,-0.12620782126637456,0.11242623320281092,-1.2805528364578542
7.76,-0.125145860076994,0.09995052419338578,-1.1690112343702215
7.7700000000000005,-0.12419517440900055,0.09017127623853981,-1.1086166560646722
7.78,-0.12333518146376611,0.08181292740107209,-0.9954824529034204
7.79,-0.12254507022426532,0.07619391155807598,-1.0610364244821302
7.8,-0.12181977085325829,0.06885414801580073,-0.8541508459802016
7.8100000000000005,-0.12114240078155657,0.06660392534736419,-0.809602779627951
7.82,-0.12048244813085507,0.06537005455393824,-0.7272457628584783
7.83,-0.1198250549614281,0.06609001770366174,-0.5637144112914634
7.84,-0.11914062462719702,0.07077253304442019,-0.5331165031945375
7.8500000000000005,-0.1184062696798026,0.07607293378871684,-0.4890299010760547
7.86,-0.11761419073015877,0.08231477163839172,-0.30532147386668806
7.87,-0.1167376394416771,0.0929604248422823,-0.2686370153593935
7.88,-0.11575113477609188,0.10430173723654419,-0.14001724552590875
7.890000000000001,-0.11463636717573988,0.11860639081663686,-0.011041843449951464
7.9,-0.11336386506313124,0.1358412603108686,0.054639486106465476
7.91,-0.11191244890699516,0.1543829829100985,0.17698564307012413
7.92,-0.11026217269985204,0.17560505530559925,0.13575874113129235
7.930000000000001,-0.10840688637534893,0.1953810315462672,0.10656507749993695
7.94,-0.10635966517067653,0.21398812027139258,0.17252692428739064
7.95,-0.1041204443248336,0.2337745493772867,0.18161179745637715
7.96,-0.10168471896694505,0.2532840508111932,0.17492337900792004
7.97,-0.09905737358800691,0.2720941712618677,0.25790011179063804
7.98,-0.09623434846750176,0.2924131600513521,0.1975929336316751
7.99,-0.09321863357060883,0.31062922737959414,0.11961176708837783
8.0,-0.09003354341336846,0.32628643381069267,0.23847453892869688
8.01,-0.08668016311907406,0.34428029146891986,0.18141071456340224
8.02,-0.08315728187571302,0.3601843544776583,0.1880720550464774
8.03,-0.07947791227652558,0.37557436840336694,0.16029409853928253
8.040000000000001,-0.07565159614359954,0.38957126545909404,0.17442285243302627
8.05,-0.07168710610727497,0.40320589335223894,0.1369884511951566
8.06,-0.0675945921201252,0.4151744654854075,0.19471063051456006
8.07,-0.06337889021038277,0.4278395000731805,0.15842788170214459
8.08,-0.059044880695761186,0.43883466427657725,0.16814335857046275
8.09,-0.054603560622234946,0.4492993694230558,0.18779185166447815
8.1,-0.050059061476808234,0.4594680962590716,0.12062210336094799
8.11,-0.04542524129585656,0.4671638848425851,0.21845928049880292
8.120000000000001,-0.0407062344679661,0.47650145412216244,0.25342391456135765
8.13,-0.03589358776914013,0.48588935598151767,0.3220235353774205
8.14,-0.030982678113634202,0.4961505380676919,0.29336871224586514
8.15,-0.02597700935405068,0.5048403659757923,0.4956961995548744
8.16,-0.020863507718552728,0.5177098159758963,0.4733886324490362
8.17,-0.015628622464663983,0.5291154439341536,0.4616210607813718
8.18,-0.010285722716501546,0.5393111487602489,0.4888887701841709
8.19,-0.004842083065093821,0.5492610170727125,0.6088339024009217
8.2,0.0007113250865229265,0.561259745113894,0.6617494296855657
8.21,0.006386472261594205,0.5736052046888382,0.666891913106917
8.22,0.012180758352142718,0.5850852624624102,0.7358641521443109
8.23,0.018093424365067112,0.5972772495909714,0.7183905544643127
8.24,0.024120688357589244,0.6080033288368443,0.7870838303462598
8.25,0.03025859570985804,0.619402202073583,0.7216022172145614
8.26,0.036497027164148294,0.6281082730444101,0.7432433647176333
8.27,0.04281993111954898,0.6362949200647038,0.7705247010149306
8.28,0.0492227646244438,0.6440923655645617,0.8160534460458335
8.290000000000001,0.055703857877789656,0.6519446049036896,0.5931698760421651
8.3,0.06223021508899265,0.653150901708691,0.5676302974008517
8.31,0.06876017856114525,0.6526674140815277,0.4886916233528185
8.32,0.07527024165298365,0.6491744046676589,0.5037912643642051
8.33,0.08174215239377684,0.6450384752978884,0.33685562426515697
8.34,0.08814682614548747,0.6357341342339465,0.2973917270496956
8.35,0.09444870384465254,0.6244839040495828,0.24709188351721653
8.36,0.10062711924637281,0.6110471234532899,0.12818516120352078
8.370000000000001,0.10665181940098514,0.5937489050222174,0.06131670730977899
8.38,0.11249093142799794,0.5739369760785262,0.02281544837005356
8.39,0.11812308682866897,0.5523648412283829,-0.11398425975105753
8.4,0.12351864633391091,0.5266284376860388,-0.1282963218591022
8.41,0.12865157351116419,0.4998464139123519,-0.11401573677632296
8.42,0.13351522181767106,0.4727800914149269,-0.11264354566199061
8.43,0.13810536172759336,0.44515259513153155,-0.14476656610848862
8.44,0.1424124411587669,0.41617697871775594,-0.22804803417738836
8.45,0.14641687142433807,0.38463360397384855,-0.15491094466573474
8.46,0.1501128147710128,0.3544863948221297,-0.07305992695994257
8.47,0.15351551963596638,0.32599204268068366,-0.056042278812696425
8.48,0.15663360816560137,0.2975707349406839,-0.04921827580230172
8.49,0.15946676723209482,0.26901400950942844,-0.04294185248680363
8.5,0.16201381022214248,0.24035539599931097,0.0863779807464671
8.51,0.16428930007062154,0.2147075575951303,0.08431010942431036
8.52,0.16630707523695928,0.18881973918649883,0.11653914897454964
8.53,0.1680692320395327,0.1635901629959432,0.19814887969270822
8.540000000000001,0.1695886977555832,0.14028610583972956,0.37365867714724377
8.55,0.17089657051524296,0.12127278903359391,0.3732432951856887
8.56,0.17201384166979664,0.10217110277422264,0.47760680124518395
8.57,0.17295285469272323,0.08562332950173024,0.44808923933970163
8.58,0.17372250942055148,0.06830491587684379,0.5651831327962763
8.59,0.17433355029916642,0.05390180918879906,0.527295120021194
8.6,0.17479583100474655,0.03855797458353868,0.5808253356645519
8.61,0.1751115007081807,0.024582182833760062,0.7362378776528695
8.620000000000001,0.17530701955960978,0.01452692933174183,0.6653818516910878
8.63,0.17539333653590133,0.0027466527784020273,0.6092489007938993
8.64,0.17535518740734302,-0.010361449831775655,0.6301295261120377
8.65,0.1751890473792605,-0.02284866657907016,0.6444052838104757
8.66,0.17490038549401116,-0.03486295406542036,0.6771284454355773
8.67,0.17449631626317058,-0.04592797326841119,0.5767810589632197
8.68,0.17396979837896545,-0.05934680751635593,0.496414983975698
8.69,0.17329996808815562,-0.07458457581286074,0.5509474897243902
8.700000000000001,0.17248564110086434,-0.08824386130098279,0.5479940337118046
8.71,0.17153549684068267,-0.10174447273246427,0.5374723882150023
8.72,0.1704502842000944,-0.11525382544552507,0.5866345414456756
8.73,0.16923747043056975,-0.12726280514452074,0.5309038656817068
8.74,0.1678990299040843,-0.14037456594048806,0.5567014416958161
8.75,0.16643424374959975,-0.15252950113716576,0.4697283994271345
8.76,0.16483868591237735,-0.16652337508122927,0.585411009093222
8.77,0.16311941198890495,-0.17727281091276337,0.6730279907013661
8.78,0.16130535439492416,-0.1854802506856736,0.6421830364972116
8.790000000000001,0.15940714767577943,-0.19409992248452204,0.6604801881311281
8.8,0.15742688066961924,-0.2018909789457936,0.7082109506739674
8.81,0.15537654787588148,-0.20811287239133425,0.8502091354278642
8.82,0.15328359953760357,-0.2104171379316584,0.7813609398321054
8.83,0.15116081384579763,-0.2140781192209479,0.8941975995429385
8.84,0.14901735304462937,-0.21455502935882337,0.9983793925192723
8.85,0.14688388384477785,-0.21208325424802865,1.090017548296792
8.86,0.14478821723222599,-0.20699836610332714,1.108363942780482
8.870000000000001,0.142747221154504,-0.2011514843439254,1.2210473333774206
8.88,0.1407802089454096,-0.19220694272486089,1.2633495661795153
8.89,0.13890921093628747,-0.1819526834133358,1.3490843728438355
8.9,0.1371526166449463,-0.16933186068553088,1.394780084878242
8.91,0.13552892229323446,-0.15537775281382588,1.3935707299185984
8.92,0.13404545591795824,-0.14129023704881963,1.4884603377604033
8.93,0.13271541754381444,-0.12469900553677034,1.5607639216006801
8.94,0.13156081557281463,-0.10620975621333102,1.4836959995286472
8.950000000000001,0.13058179238532938,-0.08958603440557408,1.5224333882692183
8.96,0.12977405728661512,-0.07195786435065102,1.5573572173475876
8.97,0.12914700504102972,-0.05345530280037601,1.4476743305911828
8.98,0.12869116753410853,-0.037716616417028705,1.4753311387135517
8.99,0.12839599121088027,-0.021328118310443688,1.3670841679111674
9.0,0.12825087170864813,-0.007706372336064197,1.4207365508277652
9.01,0.12824830705278786,0.007177638191343937,1.414994204624435
9.02,0.12839335289653708,0.02181199002660364,1.3288605012093346
9.03,0.12867337528566722,0.03417171142424012,1.139992403172378
9.040000000000001,0.12905278437584963,0.041691794473898605,1.1078299674342225
9.05,0.12950281450052575,0.04829497896191711,0.9952928570982162
9.06,0.13000424696167978,0.051973983832892236,0.9131886437166441
9.07,0.1305316949358093,0.05349966999724342,0.9065065357877294
9.08,0.13107308503017165,0.05476230791982137,0.6880261581128979
9.09,0.13159936968140787,0.05048489729484429,0.7368913335938928
9.1,0.13208869499445328,0.047370201812667524,0.6183016488003572
9.11,0.13253179339767793,0.041243980388546125,0.6352183808765217
9.120000000000001,0.13291559140261636,0.03551131148318894,0.526246080406352
9.13,0.13322835859972385,0.027042664630897224,0.44371482237334103
9.14,0.133446185349688,0.016527982020345472,0.4600368036181776
9.15,0.13356108800825464,0.0064601651682801384,0.4598556679791335
9.16,0.1335755452233604,-0.003558430861975286,0.4091458801973103
9.17,0.1334838274027476,-0.014770685081392756,0.4225830207571473
9.18,0.13328212584371554,-0.025552650225579527,0.36830231744967146
9.19,0.13296637240061518,-0.03757664020751818,0.2879382657599653
9.200000000000001,0.13252102952639838,-0.05146502993521403,0.44243222812016547
9.21,0.13195691385326241,-0.061332264879625294,0.43615612899401723
9.22,0.13129414339578888,-0.07119331765752955,0.4117221975652561
9.23,0.13053059526210334,-0.08148460938388216,0.4085986873903331
9.24,0.12966472149947433,-0.09165579926424192,0.454089595962163
9.25,0.1287038649732302,-0.10048002735440294,0.3713656640462931
9.26,0.12764553505413195,-0.1111458771144798,0.34449441861533275
9.27,0.12647842399362583,-0.12223286532952132,0.34868323111713656
9.28,0.12520229672679167,-0.132946571504277,0.38784816045237047
9.290000000000001,0.12382532338839478,-0.14240070209409106,0.22091238042028166
9.3,0.12233443330707527,-0.15572272330647025,0.30323902511265816
9.31,0.12072226067983802,-0.16665649006844285,0.15680242759639296
9.32,0.11898417251161586,-0.18089891340727302,0.07113374855249126
9.33,0.11709487703034366,-0.19689201607459328,0.11972104774556225
9.34,0.11505379382644954,-0.21125411719746906,-0.023307524503098694
9.35,0.11285340079366081,-0.2287463660686241,-0.16300911139045327
9.36,0.11046304776683623,-0.24923781826612576,-0.1982459171361535
9.370000000000001,0.10786602765656084,-0.27007387276677464,-0.21711829936503335
9.38,0.10506111312365363,-0.2908112412768804,-0.28665395190668197
9.39,0.10204313560041989,-0.3126795678679669,-0.44756108969095937
9.4,0.09878959953506895,-0.33791306781506597,-0.4813583832362746
9.41,0.09528301072030801,-0.3632832188988571,-0.5351972080186721
9.42,0.0915197098978846,-0.38924799570803115,-0.6644957637757327
9.43,0.08748456491081072,-0.41764222693327396,-0.666580150504394
9.44,0.08316944749757439,-0.44523589507744465,-0.7275048031083029
9.450000000000001,0.0785752197842906,-0.47345621499574175,-0.7828873720792174
9.46,0.07369654964641954,-0.50211637624186,-0.7988585626464617
9.47,0.06853419460402975,-0.530186322125365,-0.7767771580079821
9.48,0.0630990067075933,-0.5566774278783443,-0.7722892741431826
9.49,0.05740474106391514,-0.5819962941870337,-0.783886581480427
9.5,0.05146127774784541,-0.6065112608921538,-0.7476457896951555
9.51,0.0452827904884986,-0.6289970685023794,-0.6313591433199648
9.52,0.03889966872082491,-0.6474371088946933,-0.6282614297084804
9.53,0.03233827431217986,-0.6646482374004088,-0.5394153944598284
9.540000000000001,0.025621688027948248,-0.6784750302954085,-0.46281297913593217
9.55,0.01878223090323912,-0.6892224767292705,-0.42906965353753246
9.56,0.01184534094031961,-0.6979611910181959,-0.2788787877031076
9.57,0.004845635450499722,-0.7017891760088938,-0.36784597194542235
9.58,-0.0021977258651835396,-0.7066900613089243,-0.22245923663790318
9.59,-0.00926617231789639,-0.7068106262213777,-0.21901570699168638
9.6,-0.016329748394668036,-0.7057173845192289,-0.05610519239435126
9.61,-0.02335647267416167,-0.6994467255911204,-0.01663160881018473
9.620000000000001,-0.030310172651772865,-0.6911166047646925,-0.16025995377327862
9.63,-0.03719321712979891,-0.6853147340836268,-0.08090094782102822
9.64,-0.04400304468414178,-0.6764783136432694,0.021272877731722678
9.65,-0.05070662486267343,-0.6640717924493941,0.03824963680694444
9.66,-0.0572790871983125,-0.6502596245822716,0.036557463278232956
9.67,-0.06370885330592307,-0.6355372000107727,-0.012156345688678766
9.68,-0.06999282669015075,-0.6211045307745938,-0.002801193651057521
9.69,-0.07612676520591168,-0.6055353084074525,-0.017464180586305535
9.700000000000001,-0.08210245395655463,-0.5894592072908608,-0.08495550755539275
9.71,-0.0879215526973493,-0.5742204584595996,-0.06561479876014237
9.72,-0.09358169764893931,-0.5576739546234286,-0.26928557171213297
9.73,-0.09909779292155085,-0.5454096686581631,-0.16572106337147377
9.74,-0.10447430619136047,-0.5297647548084573,-0.2903121371162283
9.75,-0.10970611074930942,-0.5164691590635433,-0.23033489059224027
9.76,-0.11479371160854343,-0.5009301375592002,-0.3262746127270307
9.77,-0.11973430939281463,-0.4870705653617797,-0.3913601785459865
9.78,-0.12454090660066026,-0.4741325070509188,-0.3546056164175734
9.790000000000001,-0.12921008915040785,-0.45959290875677833,-0.4385745102696467
9.8,-0.1337410602186537,-0.44649227293801375,-0.45098001670578447
9.81,-0.13813934218575344,-0.4330588985035148,-0.48826344940494837
9.82,-0.14240482540367763,-0.41993565904974106,-0.40792364150923616
9.83,-0.14652603475834813,-0.40421068890870543,-0.37079514206321823
9.84,-0.15048254578192716,-0.38700193172607417,-0.3264285676515754
9.85,-0.15425879985807064,-0.36816582939121417,-0.36033619024616137
9.86,-0.15784848570305834,-0.3496928798460119,-0.27135126567346035
9.870000000000001,-0.16124004479077114,-0.32854863981041393,-0.2894933196543155
9.88,-0.16442037653923944,-0.3074530483205197,-0.25937184213922915
9.89,-0.16738411693192484,-0.2852374150711694,-0.18966574877804313
9.9,-0.17011534287322364,-0.2609586640460174,-0.1301135038472781
9.91,-0.17259495001141634,-0.2349223767368435,-0.16760131650002766
9.92,-0.17481773160206177,-0.20959980182577062,-0.13473826848272616
9.93,-0.1767822360715912,-0.18327508561130948,-0.1087572465784031
9.94,-0.17847954669029004,-0.15616918936704435,-0.08235634527015943
9.950000000000001,-0.1799020457901586,-0.1283211212128168,-0.12617359409140955
9.96,-0.1810513208297244,-0.10153076506870695,-0.03430833271049579
9.97,-0.18192121548636592,-0.07245517662139933,-0.12091487462898204
9.98,-0.18251144551194085,-0.045603177798897984,-0.10400931577591191
9.99,-0.18283149088350886,-0.01842604615071733,-0.20578483653984295
10.0,-0.1828931362027508,0.006072558072180396,-0.1948480227289608
10.01,-0.18270923023907942,0.030677320323022412,-0.251804983004394
10.02,-0.18228738543304743,0.05365549569147318,-0.36043892831667057
10.03,-0.1816504527301509,0.07369210460497728,-0.3146163342516525
10.040000000000001,-0.18080866003633284,0.0946208966676672,-0.48015462234874484
10.05,-0.17977964561978638,0.11113600164494612,-0.49803535317776787
10.06,-0.17858913219021152,0.1269170423554477,-0.6304043684917442
10.07,-0.17725884636923725,0.1390904914670181,-0.8043248311836182
10.08,-0.1758300358939285,0.14662422633848887,-0.8825563698865498
10.09,-0.17433708365564898,0.15191948648020706,-0.9312905465019672
10.1,-0.17279867017709497,0.15571684338139555,-1.0351957426294887
10.11,-0.1712366400489296,0.15664524970052304,-1.1146763828656243
10.120000000000001,-0.16967655589495967,0.15533011792384285,-1.2024999114142583
10.13,-0.16814181351100635,0.1515802110356672,-1.3404379387351957
10.14,-0.1666629048403699,0.1441688341720505,-1.3128039957357505
10.15,-0.16525562157007692,0.1372565835904342,-1.4528618365699122
10.16,-0.1639358443025157,0.12667396505773185,-1.352228024493426
10.17,-0.16271005890211176,0.11845827775554581,-1.424293909514257
10.18,-0.16157613907574364,0.10830544625679114,-1.4294459031804447
10.19,-0.16054496812804445,0.09791158438602349,-1.3993630910604344
10.200000000000001,-0.15961446909231866,0.08817313046467082,-1.3593548750193971
10.21,-0.15877678998017727,0.07934917251211114,-1.4201472700611404
10.22,-0.1580353127861154,0.06893707895772262,-1.4038348654827357
10.23,-0.1573961686024906,0.058884990814911484,-1.3313810381487141
10.24,-0.1568486841502433,0.050605752714219916,-1.3372991275075332
10.25,-0.15638489151333848,0.042149108319106086,-1.2378735373910572
10.26,-0.1559933519093473,0.03615449815610781,-1.06322485901335
10.27,-0.15564008955908817,0.03449008766971907,-1.1494480695239422
10.28,-0.15531445624771567,0.03063178639154874,-1.0201005600976287
10.290000000000001,-0.1550114069442776,0.02997049501953715,-1.080941885050995
10.3,-0.15472278356064378,0.027748661717435008,-0.9619619869433224
10.31,-0.15444169890093942,0.028459829202913674,-0.9633173725197053
10.32,-0.15415392623259802,0.02908617181389946,-0.9272975261118022
10.33,-0.15385565500041418,0.030558353789548753,-0.8798156296219418
10.34,-0.15353703518127776,0.03315413576131266,-0.8114558369329427
10.35,-0.15318428251199,0.037382251434589016,-0.8873901753917806
10.36,-0.15279915399700897,0.039630532883083096,-0.8950811502122047
10.370000000000001,-0.15239289472158365,0.04160811631677748,-0.9596409543673153
10.38,-0.1519753120144358,0.04189671255487182,-0.8959042074420701
10.39,-0.15154724570949527,0.043702932677883735,-0.9546032363306974
10.4,-0.15110885046893743,0.043963867142364964,-0.9195871550086759
10.41,-0.15066384615511977,0.04502371656332961,-0.9823265397142512
10.42,-0.1502164683940471,0.04444024594010415,-0.9104571404835436
10.43,-0.14976630736610433,0.04557845963429649,-1.1107400406130332
10.44,-0.1493301500493614,0.04164529571044658,-1.0356351837982578
10.450000000000001,-0.14892417754354345,0.039540372936126354,-0.9795482261111873
10.46,-0.14853251794036462,0.038781671393215957,-1.0362320773202682
10.47,-0.14815580835155237,0.036552347430229136,-1.0445030742329378
10.48,-0.1478026539058476,0.03407155457525376,-0.9946250007360916
10.49,-0.14746828915195317,0.032793639763468156,-1.0164094986512173
10.5,-0.14714964914096557,0.030927662836015266,-0.896911749574069
10.51,-0.1468349609967068,0.03200024129164567,-0.7256929624574654
10.52,-0.14648848725821784,0.03727942990614055,-0.7251081543448242
10.53,-0.14608961440796303,0.04247872139133341,-0.7629413627262142
10.540000000000001,-0.14564397274535343,0.04663303327567426,-0.6677827910720033
10.55,-0.145145427677771,0.05305554338486182,-0.5537544222646633
10.56,-0.1445690655404534,0.062191435253298344,-0.38700121612046356
10.57,-0.14388133426605812,0.07532207938733144,-0.3780214536238822
10.58,-0.14306219245853186,0.08846994814421241,-0.26906761880486296
10.59,-0.1420991070359671,0.10410423678013489,-0.08776091448123746
10.6,-0.1409583934705622,0.12398621924182601,0.011981839999378366
10.61,-0.1396080388534173,0.14602445369626812,0.0470528552601006
10.620000000000001,-0.13803479140808234,0.1685582086001535,0.1012466396551542
10.63,-0.13623150913814444,0.1920241904394369,0.16373573444907152
10.64,-0.13418805403648912,0.2165851070480013,0.2815607559251743
10.65,-0.13188680785271129,0.2435728509377061,0.27022006915504065
10.66,-0.12931990397767262,0.26971038318580964,0.4734578665665994
10.67,-0.12646926800360322,0.3003068708346065,0.44701868872344314
10.68,-0.12331933808972978,0.3295625506971106,0.5331522250833293
10.69,-0.11986967698240243,0.36024354540758824,0.6211057729179469
10.700000000000001,-0.11610609452901018,0.3923369046841546,0.5933330990333681
10.71,-0.11202920053321391,0.42289911454268275,0.4731915953484935
10.72,-0.10766602384946923,0.44958994867077523,0.5603243387321899
10.73,-0.10302952158851146,0.4775556160735001,0.5521579790286777
10.74,-0.09811909196022357,0.5043693967246985,0.42710287684062376
10.75,-0.09296100894971976,0.5270841329664794,0.3812985553595917
10.76,-0.08758643257669396,0.5476646646430661,0.38416084902976094
10.77,-0.08201073142582872,0.5673048324134173,0.26820707943907285
10.78,-0.07625825233736666,0.5830198384561465,0.38020933083625924
10.790000000000001,-0.0703398187624781,0.6004895518104084,0.14631092483418606
10.8,-0.06428121295902217,0.6110580280239541,0.1742908906909859
10.81,-0.05811865607804376,0.621277490095163,0.18381404372244706
10.82,-0.05185800743880288,0.6306747572109358,0.15945408052233
10.83,-0.04551176124252851,0.6383966147078508,0.15947556980631544
10.84,-0.03909363800084882,0.6450494893410156,0.15265009715750022
10.85,-0.03261519899874188,0.6504595722736197,0.12424743125075055
10.86,-0.02609156583029271,0.6540890921854904,0.19564120815549194
10.870000000000001,-0.019528070155212424,0.6584303135033761,0.0434741417249246
10.88,-0.012945531551526692,0.6579024096935351,0.16931021066390947
10.89,-0.00635781505029678,0.6594635585418585,0.15886154691118257
10.9,0.0002388972267034035,0.6597027501954189,0.2317995257821385
10.91,0.006841824296025523,0.6607055363946815,0.27080599252396054
10.92,0.01345433871152699,0.6616200411949912,0.2513156142418595
10.93,0.020068256840360493,0.6609878580954671,0.3029637929059155
10.94,0.02667703522964222,0.6605919293316086,0.412073188259561
10.950000000000001,0.033290197119062295,0.6618625985833861,0.42502278805444554
10.96,0.03991235244903197,0.662391087209345,0.4048028042272457
10.97,0.046531958479112144,0.6613543778955152,0.5667170907452173
10.98,0.053156131573082854,0.663301082129967,0.5994640092684809
10.99,0.059798486036194635,0.6649903091228029,0.422470640759106
11.0,0.06643027916946745,0.6611948003741488,0.5137666757547372
11.01,0.07303031754252792,0.6586387231809241,0.6181820235968097
11.02,0.07961260923538958,0.6576440974014485,0.5167436086440059
11.03,0.08616705004768375,0.6530729164357768,0.4642904565251645
11.040000000000001,0.09266412399636619,0.6461745425675587,0.4098304846421674
11.05,0.09908042931979777,0.6369236569124963,0.3522244804007036
11.06,0.10539218848478672,0.6252704644389482,0.3208047234448737
11.07,0.11157880501462958,0.6119001063904735,0.25043804146293625
11.08,0.11761840353360829,0.5958734328786043,0.257686754095934
11.09,0.1234943047585611,0.5791655684825583,0.14062382132608797
11.1,0.1291843422620539,0.5587094896935689,0.07801055628152276
11.11,0.1346580984413745,0.5359174373018519,-0.019168519020705273
11.120000000000001,0.13988815262559026,0.5099788518906059,-0.01744016182294195
11.13,0.14485567587906956,0.4834188539974482,-0.11049970640900825
11.14,0.1495428619738283,0.4539220024197551,-0.11887169306410915
11.15,0.1539312293940443,0.42366391297959943,-0.09343534585945457
11.16,0.1580176478441059,0.39354016153191357,-0.1532359318395068
11.17,0.1617930682431968,0.3614747461850656,-0.16154089866593346
11.18,0.16524481455083403,0.32881472628246716,-0.17267822470711136
11.19,0.16836687028737463,0.295546223350859,-0.17923405266756076
11.200000000000001,0.1711540110848809,0.2618413170400869,-0.16815476552879297
11.21,0.17360436050294392,0.22819707294131458,-0.14488191127954828
11.22,0.17572031915375086,0.19497186385812706,-0.04790353471604354
11.23,0.1775155291927457,0.16405368190179925,-0.08597751357870367
11.24,0.17899640098477107,0.13211393550879227,0.0986629543972617
11.25,0.1801807890263577,0.10476019434186484,0.10460596082685655
11.26,0.1810923519812026,0.07755626945185261,0.1430020430223915
11.27,0.18173685518241947,0.05135453437187927,0.2379953917745611
11.28,0.1821315647557252,0.02760182053284491,0.3132205940792847
11.290000000000001,0.1822986268050797,0.005829198240006592,0.4403804342302289
11.3,0.18226443869935902,-0.012646173675037464,0.48056133902065373
11.31,0.18205117711228114,-0.029981772548076952,0.6546070989761371
11.32,0.18168704330559124,-0.042821250518806434,0.6347456157267901
11.33,0.18119278369008537,-0.056002981438803154,0.6303126445011298
11.34,0.18056701918545556,-0.06911867479993174,0.7700215576095051
11.35,0.1798284932156346,-0.07855609227573716,0.7603078596793832
11.36,0.1789953184266343,-0.08804577981725288,0.9037397780793912
11.370000000000001,0.17808615162420074,-0.0937564382401162,0.9941517755434841
11.38,0.1771321020356905,-0.0970237147781603,0.9994533180371319
11.39,0.17614694081384114,-0.09997825088325003,0.916739267228233
11.4,0.17512283288006406,-0.10480999297520063,0.9533202870417841
11.41,0.1740559811288339,-0.10852703744053696,1.080302415231565
11.42,0.17296880328327746,-0.10887825330902563,1.0004697817565837
11.43,0.17186906409200678,-0.11103704509538452,0.972479820415653
11.44,0.17074522610097684,-0.11369682841468931,1.0088425329881032
11.450000000000001,0.16960034207957925,-0.11524686858428114,1.0600626842891914
11.46,0.16844734089194577,-0.11532162449219048,0.9828938682651811
11.47,0.1672849182959287,-0.1171290564652414,0.9065504209240698
11.48,0.1660959179000545,-0.1206346569937053,0.9012553677906943
11.49,0.1648722992461712,-0.12405186609541083,0.9021695261824558
11.5,0.16361574559263548,-0.12722103242375987,0.8335776921324118
11.51,0.1623200868191254,-0.13187025468770852,0.8103026379051818
11.52,0.1609762570578463,-0.13685356960861159,0.8717815468642546
11.53,0.1595915362155397,-0.1400492740529419,0.8350890718451507
11.540000000000001,0.15817152784103838,-0.14390941901583354,0.9002033753784903
11.55,0.15672233594130902,-0.1458872061318957,0.9362939829729593
11.56,0.15525912246712742,-0.14671459581068894,1.0836675504938036
11.57,0.1538072412838435,-0.1436252530770259,0.9653362774599132
11.58,0.15237257632972226,-0.1432689238335168,1.048166187167761
11.59,0.1509529657267384,-0.14061725918297846,1.0962021696753788
11.6,0.14956693108137564,-0.13655616863360118,1.1787342008864763
11.61,0.14823279212031923,-0.1302419567795092,1.2622830138368901
11.620000000000001,0.1469730859521075,-0.12167405779728138,1.2373608258177775
11.63,0.1457966820342548,-0.1135832815944502,1.2698030352491032
11.64,0.14470591163128144,-0.10455070389320396,1.2730692422546408
11.65,0.14370645122292725,-0.09532398670728412,1.3465515614278925
11.66,0.14280891787454864,-0.08417013090808143,1.4493689307673032
11.67,0.14203609145929683,-0.07038880394003502,1.445032040208742
11.68,0.14140068991179752,-0.05668881638670112,1.4015202961062887
11.69,0.14089690478428882,-0.04406795472382795,1.4316299332586664
11.700000000000001,0.14052305670262485,-0.030705736103301462,1.4376512419045198
11.71,0.14028342342403854,-0.01722877003187362,1.4346293078684063
11.72,0.14017791123946355,-0.00388502547717969,1.3407654927787978
11.73,0.1401937537755466,0.007041449415391334,1.3069275333627441
11.74,0.14031424944796525,0.017043739335819222,1.166297564896047
11.75,0.14051678441250662,0.023450908870199117,1.1272139340025513
11.76,0.14077812970106,0.028805325804690182,1.18434282811202
11.77,0.14109974564241665,0.03550196694446932,0.905386846692228
11.78,0.14145304343214746,0.035148350679510165,0.9036468180756022
11.790000000000001,0.1418023123824347,0.03469641260843558,0.8335261173364814
11.8,0.14213804772151814,0.03244391611502492,0.7041232253804593
11.81,0.1424349237700039,0.026929090772028402,0.5829304723461645
11.82,0.14266148586356817,0.018386268397883897,0.5229415406653652
11.83,0.14279524938977117,0.008373471796292846,0.43239927022317376
11.84,0.14281783067235426,-0.0038448005183288336,0.3408677455333093
11.85,0.1427072186338661,-0.01825922305998713,0.17056027865571097
11.86,0.14243181176916275,-0.03679488326971765,0.1849159907859282
11.870000000000001,0.14197370540795626,-0.0547947198121209,0.08667510991559925
11.88,0.14132434542508399,-0.07503801032215694,0.04911777767142324
11.89,0.14046909904630547,-0.09596566904223648,0.04515460981025354
11.9,0.13940550366134957,-0.11670235221375962,0.033337863276585035
11.91,0.1381346524155454,-0.13741124271492366,0.023471655668242303
11.92,0.1366572339638092,-0.15801030712582922,-0.05968748068737788
11.93,0.1349653695820366,-0.1802928228377077,0.006054547553025605
11.94,0.13306102741623013,-0.20050232544779617,0.02028946715622034
11.950000000000001,0.13095861401073208,-0.21990258434189147,0.025816550634498253
11.96,0.12866526781374377,-0.23868439619040802,0.049942334190310106
11.97,0.12618962544116494,-0.256358097083066,-0.012913620033761362
11.98,0.12353202825959848,-0.27506936547669286,0.0003503099459354602
11.99,0.12069177613670168,-0.2928851444089015,0.06411043279101943
12.0,0.11768423715243014,-0.30852458779386327,-0.034127558909450004
12.01,0.11451102915670253,-0.32601255683919533,0.052111543607330814
12.02,0.11117687049639316,-0.34071341026411045,0.017401339076923688
12.030000000000001,0.10769457952949638,-0.3556348542719132,0.021604093630536763
12.040000000000001,0.10406692862724788,-0.36978237588586343,-0.05784929058180055
12.05,0.10029131197427649,-0.38522271544714226,-0.033512512898796795
12.06,0.09636790752741696,-0.3993374493828959,-0.015769522974239954
12.07,0.0923092197541833,-0.41227707752445264,-0.003466363982342506
12.08,0.08812638701062282,-0.42416431374224717,-0.038441674229821816
12.09,0.08382409767639598,-0.4361651522105275,-0.138151702515884
12.1,0.07939323958041124,-0.44987288192593017,-0.19488808065029012
12.11,0.0748222630967254,-0.464184515000311,-0.28206297945020387
12.120000000000001,0.07010146374491175,-0.47983210298104984,-0.27786136016655677
12.13,0.06522904196702946,-0.49450606513412454,-0.3685370337855273
12.14,0.06020298644356972,-0.5105533622537364,-0.38306663004188074
12.15,0.05501922854358321,-0.5260430020298452,-0.3802670714459314
12.16,0.049685610511852295,-0.5405225424272008,-0.5195410682423452
12.17,0.044194596861703975,-0.5575153193792399,-0.6368210646010106
12.18,0.03852400874331553,-0.576430664893137,-0.6415101686765659
12.19,0.03266887033944693,-0.5944215054951636,-0.6990909157686614
12.200000000000001,0.026631943665406634,-0.6127831355257791,-0.7039154827463109
12.21,0.020416256646602078,-0.6301698999783397,-0.5860709101626124
12.22,0.01404696436077105,-0.6435044579772224,-0.6362186406051982
12.23,0.007543618613778333,-0.6569769025594971,-0.7085911308145139
12.24,0.0009021796866813857,-0.6711187160244347,-0.573950521411099
12.25,-0.005858095041634702,-0.6807457110654348,-0.5072191326245196
12.26,-0.012700588033898886,-0.6875631574099808,-0.5422487805429681
12.27,-0.019609926056855298,-0.6941131860714423,-0.5036330261660742
12.280000000000001,-0.02657420477666786,-0.6985520297972072,-0.4252527729504999
12.290000000000001,-0.03356738040589051,-0.6998950258675357,-0.3273054538500319
12.3,-0.04055613576299101,-0.6976718046060596,-0.23908969103170255
12.31,-0.04750614633126363,-0.6921505098329601,-0.1398439985722985
12.32,-0.05438319736591239,-0.6830854998721297,-0.06648149229360957
12.33,-0.061155256824255995,-0.6711579136951303,0.001765138882501939
12.34,-0.06779451574033547,-0.6565316702949211,0.07604206503193818
12.35,-0.07427343058136693,-0.6390962272510382,0.1005402165095288
12.36,-0.0805703385086787,-0.6201366244183838,0.04292486677943046
12.370000000000001,-0.08668043266631709,-0.6017377169419651,0.15602289858864216
12.38,-0.09258815471323895,-0.5796713766614131,0.21136410218751484
12.39,-0.09826431814399998,-0.5554343644546684,0.1987993517762641
12.4,-0.10369594179538165,-0.5307702929407595,0.2745143512578429
12.41,-0.10886795210530047,-0.5035212899467707,0.21049692951064353
12.42,-0.11377222108446394,-0.4772280805441848,0.17052653409480076
12.43,-0.11841548641862866,-0.4513270513728283,0.26660148528368816
12.44,-0.12278489617925833,-0.4224673957128056,0.19534942129578853
12.450000000000001,-0.12687205302933663,-0.39488263167155574,0.131865478733909
12.46,-0.13068891829503765,-0.36841510506329384,0.11862210026265402
12.47,-0.1342405760706399,-0.3418483382035554,0.0708589257696591
12.48,-0.13753055528116068,-0.3160855558528996,-0.024037624366769258
12.49,-0.140572956605006,-0.2923372676378409,-0.22530729337003813
12.5,-0.14340132108701942,-0.2732789434828799,-0.1982738713554239
12.51,-0.1460340851462467,-0.2532235144307453,-0.24838687944450358
12.52,-0.1484710915515629,-0.23413166892104406,-0.3331766561566822
12.530000000000001,-0.15072642580791057,-0.21689201968839805,-0.3282868389728526
12.540000000000001,-0.15280750824229902,-0.19928641199881264,-0.32740811769588857
12.55,-0.15471133350591687,-0.1814456443979155,-0.4535426214814649
12.56,-0.15645154283552065,-0.16656451234606864,-0.5210122028766837
12.57,-0.15805044660626796,-0.15318676941561243,-0.39004768870747647
12.58,-0.1594983935796322,-0.13638091861385576,-0.5332308089887329
12.59,-0.1607955353651763,-0.12302616302687243,-0.5836895603284579
12.6,-0.16196482215493738,-0.11081219074182073,-0.5141651408810757
12.61,-0.16300276279421466,-0.09676247806120539,-0.5021428096910306
12.620000000000001,-0.16389834241206389,-0.08234427252621318,-0.5504374622838393
12.63,-0.1646555279640634,-0.0690862154747554,-0.46303843203486794
12.64,-0.16526907088171428,-0.053622032900042804,-0.5113431273218778
12.65,-0.16573402870892795,-0.03937197524169113,-0.5161352647675571
12.66,-0.16605719580500694,-0.025267619418058142,-0.444295285987527
12.67,-0.16623058324861947,-0.009422010230369045,-0.39980122237844334
12.68,-0.16624037236371994,0.007446467032956424,-0.4586360904004419
12.69,-0.16608939113226592,0.022729339080054357,-0.4040185250580658
12.700000000000001,-0.16577942327551656,0.039238123462181224,-0.42519389504060134
12.71,-0.16530783535477134,0.055049663269157445,-0.2867885888227544
12.72,-0.16466180594490623,0.07411816637883126,-0.47936303937024277
12.73,-0.1638503001088461,0.08814579140502696,-0.399716388265529
12.74,-0.16288973704661533,0.10392366601823895,-0.5059215808806125
12.75,-0.16178597582395238,0.11678461941920845,-0.553412426718559
12.76,-0.16056087903775398,0.12818902023011852,-0.5638252472230657
12.77,-0.15922443658335597,0.13905129677638375,-0.6164583409291369
12.780000000000001,-0.15778740728447374,0.1483053679502113,-0.6665169000106779
12.790000000000001,-0.156265578242264,0.15601059636507478,-0.7883714554072994
12.8,-0.1546834072065047,0.16037569953601521,-0.9145097195938947
12.81,-0.1530747626671852,0.16130825603467286,-0.9941315402103833
12.82,-0.15146807075113466,0.15998765317573457,-1.02577530913534
12.83,-0.1498797990498746,0.1576258480422789,-1.1055549585779574
12.84,-0.14832631115883713,0.15303423905522967,-1.1454236454902094
12.85,-0.1468248212635303,0.14722898098676,-1.2705938586849552
12.86,-0.14539801930640814,0.13810224761052375,-1.3083253264241308
12.870000000000001,-0.14406803841642674,0.1278686023275138,-1.3472536649861344
12.88,-0.14284597920300734,0.11652205251211582,-1.4670591414146832
12.89,-0.14175293050616675,0.10207333148263611,-1.5909847191454192
12.9,-0.14082021493833227,0.08446317148423238,-1.605313607943522
12.91,-0.14006553793351983,0.06647087796886295,-1.6354650072762884
12.92,-0.13949453571689555,0.04773400960396659,-1.488481115561603
12.93,-0.13909238679786262,0.032700864788163156,-1.6021967027368198
12.94,-0.13885455827616122,0.014877376941085218,-1.4776376304495558
12.950000000000001,-0.1387790062338139,0.00024657881465439506,-1.4776681694295317
12.96,-0.1388493206404514,-0.01429204321204456,-1.3782244414238334
12.97,-0.13905205803496087,-0.026237182029109497,-1.361430585610404
12.98,-0.13937157340898448,-0.03764503465158138,-1.3563498122178652
12.99,-0.1398038782043326,-0.04879227443746972,-1.2945914350737384
13.0,-0.14033921476721092,-0.05825038409432778,-1.2091919651599332
13.01,-0.14095771788172634,-0.06542575314935066,-1.1309060365232673
13.02,-0.1416374585603176,-0.07049846902974691,-1.0916470725025043
13.030000000000001,-0.14236230042715903,-0.07444595897375397,-0.9932154430080289
13.040000000000001,-0.14311361350376364,-0.07579475709725396,-0.8403264974657657
13.05,-0.14385868745702676,-0.07320250254700733,-0.9393791847930772
13.06,-0.1445896745988802,-0.07297525211370656,-0.7804238263838389
13.07,-0.14529797646757658,-0.06867041026083182,-0.7844401614637391
13.08,-0.1459633021111278,-0.0643811578986847,-0.6829405822050407
13.09,-0.1465726822410433,-0.05748560864942981,-0.6114353135641103
13.1,-0.1471039305511494,-0.048758874285274326,-0.6255410358830725
13.11,-0.1475495394637604,-0.04035971313487025,-0.5611811168890134
13.120000000000001,-0.1479030572435895,-0.030344880929843304,-0.6639600530336258
13.13,-0.14816930332762673,-0.022905007573003622,-0.5204636701446662
13.14,-0.14834329467272486,-0.011900250861908455,-0.603001287316014
13.15,-0.14841777151578242,-0.0030025746674533973,-0.5432002044744337
13.16,-0.14839606089904644,0.007333083665580026,-0.5696998503327387
13.17,-0.14827467452269635,0.016930645321060166,-0.7140860830332922
13.18,-0.1480757515998725,0.022842208898321,-0.6284718387336722
13.19,-0.14780740279152224,0.03081173452390685,-0.583760849813664
13.200000000000001,-0.1474542777794674,0.03979405814438132,-0.5178941048090002
13.21,-0.14700371438967352,0.05029513448537335,-0.5772643201308689
13.22,-0.1464562763615282,0.05916808255607039,-0.5687058643407499
13.23,-0.145819795726638,0.06810116697212279,-0.6350247367149539
13.24,-0.1451030842338051,0.07521401205996796,-0.4676290167063065
13.25,-0.14429519843164013,0.08632928060186104,-0.41506622374428187
13.26,-0.14337064857324652,0.09854247991480534,-0.4614111852811466
13.27,-0.14233092379208498,0.10936262130024883,-0.4225013438284699
13.280000000000001,-0.14117936735701958,0.12090500487039282,-0.43278235779055324
13.290000000000001,-0.1399150076373428,0.13192078072899094,-0.24032518681990012
13.3,-0.13851789916237287,0.14744634827464764,-0.07537966750792291
13.31,-0.13694663909354768,0.16674235880632057,-0.09524220574825742
13.32,-0.1351868435152295,0.18514929368719552,0.015393820382086337
13.33,-0.13323124976560835,0.2058942052218779,0.06486207920174611
13.34,-0.13106434613047768,0.22740474687242532,0.07450184697836396
13.35,-0.12868364087420425,0.24864904792841408,0.27515853769144344
13.36,-0.12606813665265498,0.27435345929237615,0.22786486358971952
13.370000000000001,-0.12320449962190338,0.2982708421132454,0.35519238327374
13.38,-0.12008895961622201,0.3247245875895253,0.44893712787732193
13.39,-0.1167006314631577,0.3528194091447142,0.5399818198071898
13.4,-0.113023716713842,0.38243256458217845,0.5676994024728854
13.41,-0.10905121358447331,0.41192931485020845,0.6064338136117039
13.42,-0.10478314425648708,0.4415378096556964,0.5775369700617834
13.43,-0.10022706549149775,0.4695252773377798,0.5675079449291831
13.44,-0.09539700725186875,0.4963277096431798,0.639115765683476
13.450000000000001,-0.09029481451263875,0.5239441155552975,0.5924926757975285
13.46,-0.0849273363158119,0.5493801308847438,0.5430003940315566
13.47,-0.07931686823070354,0.5725381376947528,0.514756795446054
13.48,-0.07348365247691419,0.5939257194776549,0.5136329403627802
13.49,-0.06744212430663749,0.6141963712139712,0.397417241662195
13.5,-0.06121793113116219,0.6304582437162184,0.36801501085580945
13.51,-0.05484033717662809,0.6448745248687753,0.2941854338137444
13.52,-0.04833339424996021,0.6563278654171881,0.32270314428186275
13.530000000000001,-0.041713964634205666,0.6673694116531544,0.270660993054161
13.540000000000001,-0.0349962858382398,0.6759777755626656,0.28823051607047334
13.55,-0.028195999331088562,0.6838895806991977,0.05339197255882237
13.56,-0.021351589690215816,0.6848087553472411,0.0391798395802899
13.57,-0.014505258667798997,0.684275410754546,0.06970764054364276
13.58,-0.007665901414603445,0.6834145747599452,-0.02851760111176119
13.59,-0.0008528326955204932,0.6790221910485613,-0.06742584863109492
13.6,0.005906173416926124,0.6726056557715376,0.010078853417898853
13.61,0.012605507154243089,0.6670883332959355,-0.1070934841969326
13.620000000000001,0.019229897007986694,0.6576230565717964,-0.15317636722742908
13.63,0.025748924811518314,0.6460209659932233,-0.15704212488466715
13.64,0.03214664414972304,0.6333656633940233,-0.0614217494424695
13.65,0.038425061940810204,0.6221622205133163,-0.0419761321752181
13.66,0.044589239333910805,0.6105210182136959,-0.0979704490196483
13.67,0.050625493985074654,0.5965834461852442,-0.04522911544880816
13.68,0.0565246023108238,0.5830948401211118,0.06829546448774673
13.69,0.06229872584226096,0.5715876103151222,0.1104402604767433
13.700000000000001,0.06795880434361325,0.5602885513882048,0.09027772180162076
13.71,0.07349922949256252,0.5476614426586671,0.19360412934118254
13.72,0.07892226029829907,0.5368108125666504,0.22874051725547007
13.73,0.08423718613931869,0.5260431352269622,0.14477167519308212
13.74,0.08943006226361537,0.5124070764829025,0.24691620537384834
13.75,0.09449560989074302,0.5005787997786295,0.3055923855654611
13.76,0.09944652159443548,0.4894820642443275,0.27138410308925665
13.77,0.10427859160941524,0.4768152048819841,0.200625276527591
13.780000000000001,0.10897170647498576,0.46169726315440457,0.29304045155393643
13.790000000000001,0.11352189905637615,0.4482327128515509,0.3365700739416172
13.8,0.11793966083343144,0.43521407781363347,0.36230049349547155
13.81,0.12222731903144639,0.42221537036391804,0.15128705299622763
13.82,0.12635564798074267,0.40335866884197374,0.36324338006565726
13.83,0.13031914770711914,0.3892488164287414,0.14340284972311715
13.84,0.13411140037546132,0.3691202134205144,0.21165997515110338
13.85,0.1377084935327426,0.3502208027226114,0.18804546225156443
13.86,0.1411113743679307,0.33028404220626595,0.13819747327142123
13.870000000000001,0.1443065889782421,0.30869488666887107,0.06119447495413353
13.88,0.14727445077046333,0.2848220316688257,-0.03597046755454588
13.89,0.14998987064147382,0.2582162343885206,0.027234692586784168
13.9,0.15244581895234996,0.23293333438235453,-0.059051764704082035
13.91,0.15463704520428986,0.205281533177344,-0.16022383165314188
13.92,0.15653830121743906,0.17495003351283625,0.10613104827040026
13.93,0.1581689559307762,0.15116166875957182,0.009350719518535888
13.94,0.1595491457460863,0.12486656052537834,0.08520432659314509
13.950000000000001,0.16067562509898675,0.1004245314746322,-0.01954177649107483
13.96,0.16154454433798238,0.0733643741515341,0.14249088470512955
13.97,0.16216329562746104,0.05039342865803072,0.20263920885104864
13.98,0.1625601277129821,0.028984945104055197,0.2651445702159064
13.99,0.16275108699271337,0.009222752500004493,0.2598482453969874
14.0,0.16274429218316497,-0.010560431157291716,0.2821964601388391
14.01,0.1625431440672345,-0.029643329587459653,0.42124307949724593
14.02,0.16216933488545834,-0.04509178957401452,0.41240182942136094
14.030000000000001,0.16164078056196235,-0.06058806892455023,0.532636215913165
14.040000000000001,0.16097322928885363,-0.07289078068019222,0.7183334871602312
14.05,0.1602067842242734,-0.0803692679348447,0.7589832509834413
14.06,0.1593715114837035,-0.08665570824126242,0.8920144078359175
14.07,0.15849086794778872,-0.08944592001254846,0.9814830776902564
14.08,0.1575942987278685,-0.0898429683229421,1.1634762858212646
14.09,0.15671720469847145,-0.08555641631166866,1.2036397732276374
14.1,0.15588855485312927,-0.08015665002725306,1.1988938824020396
14.11,0.15511380195998195,-0.07477848218302625,1.313555244390564
14.120000000000001,0.15440757858428533,-0.06645576478605852,1.255035480085343
14.13,0.15377757338790793,-0.05953543774789625,1.3066978525862638
14.14,0.15322349015661552,-0.05127487861789565,1.3871930574678553
14.15,0.15276221851610014,-0.04097782920881374,1.2866919070132619
14.16,0.1523914035663839,-0.033183344138669545,1.3315233259847712
14.17,0.15210415778044026,-0.024267475795543718,1.2666704832251345
14.18,0.15189790832014913,-0.01698455022130076,1.3175616895257827
14.19,0.15177075132916093,-0.008452474234277913,1.3654259707029583
14.200000000000001,0.15173469285058716,0.0012314361419670829,1.2130063805979332
14.21,0.15177615809766612,0.0070542713969521595,1.2250825306295403
14.22,0.15187712211107546,0.013129295627749126,1.1301805863848042
14.23,0.1520267074447256,0.01677979306289652,1.0786104442782976
14.24,0.15220611729556782,0.019094808499023244,1.036751142884863
14.25,0.1524032298366394,0.02032100844413252,1.1366560811657243
14.26,0.15262486052822116,0.023995158026344235,1.1516606082655196
14.27,0.15288479547522107,0.027980480900405197,1.032659826484772
14.280000000000001,0.1531693915899288,0.028929954722813386,0.953852355485926
14.290000000000001,0.15345338817880055,0.027862742041096303,1.0128143432437202
14.3,0.15373387088564577,0.02822574843545243,0.9557448208690942
14.31,0.1540106241248719,0.027118517636772928,1.0143400228969588
14.32,0.1542834248284155,0.027433831638248883,0.9971633567098834
14.33,0.15455700234264882,0.027274364213598884,1.0107942944892054
14.34,0.1548304668746571,0.027410921948663212,1.0462621836980612
14.35,0.15510949192171744,0.02838542097826756,1.0097069003073065
14.36,0.15539344079551104,0.02839657932588735,1.0435399996714654
14.370000000000001,0.1556814880303841,0.029204131152299983,1.0035145531680487
14.38,0.1559723551924221,0.02896160674270324,1.0923937851033634
14.39,0.15627165214430536,0.030887545377344117,1.0656832441827118
14.4,0.15658656546673375,0.03208522958922674,1.147609882493483
14.41,0.15692337391171968,0.035263857630858306,1.1191449933727307
14.42,0.15728803264169247,0.03765536312800221,1.1769508364933154
14.43,0.15768343427007236,0.04141014123340302,1.190821721354031
14.44,0.15811765963431912,0.0454187758779155,1.083793416305939
14.450000000000001,0.15857812851111386,0.046661073926651954,1.090377437527937
14.46,0.1590514212117243,0.04798310272881705,1.049254459846764
14.47,0.1595323718574297,0.04819363662341602,1.0881169928726155
14.48,0.16001987321279684,0.049292116320256416,1.079664774928176
14.49,0.16051686758938158,0.050092296887653535,0.9701789076200142
14.5,0.16100777391086418,0.048077671570854304,0.8339249752209827
14.51,0.1614612081889888,0.04260260278071721,0.8401118020600572
14.52,0.1618604813379325,0.037246800528862624,0.5996902354793224
14.530000000000001,0.16217607009088378,0.025874431216205147,0.6535856832873375
14.540000000000001,0.16238479216429777,0.015874928011226013,0.44551087316709503
14.55,0.16246774422525406,0.000729362583133707,0.2374059858446535
14.56,0.16237374344594344,-0.019505364096994077,0.4074305823630784
14.57,0.16209937880945494,-0.035343155999175827,0.25460860607121083
14.58,0.1616483508400285,-0.05482930095250098,0.02919543077333068
14.59,0.16097539398265873,-0.07971709650977889,0.00038710176664992317
14.6,0.160051380735943,-0.1050332518307071,-0.09994930813858828
14.61,0.15886332721540883,-0.13251562185090607,-0.1561774903947614
14.620000000000001,0.1573953634264084,-0.1610065847539498,-0.29727981774543727
14.63,0.15562708194099628,-0.19256769465597226,-0.30793768285128986
14.64,0.15354440141023493,-0.223878097638696,-0.2896129477480527
14.65,0.15115369102785536,-0.2541663818121294,-0.32924073721678243
14.66,0.14845815939764426,-0.2848336754448666,-0.29614940687633085
14.67,0.14546334615498901,-0.31401619065101444,-0.35671629578015784
14.68,0.14217260908163248,-0.34400959183161856,-0.2374892795371525
14.69,0.13860052955044436,-0.3702810844295754,-0.37571816811431535
14.700000000000001,0.13475231495199935,-0.39922634966041726,-0.30400686426490037
14.71,0.1306277246905359,-0.42555162140882774,-0.38341774995214833
14.72,0.12623424147568643,-0.4529965809608345,-0.3161471235896556
14.73,0.12157921515514317,-0.47785605414469984,-0.14997832481157614
14.74,0.11670095304775543,-0.4976432575287207,-0.22528221208987154
14.75,0.11162006265913811,-0.5183753846783328,-0.11393944865730136
14.76,0.106350564532333,-0.535363870065531,-0.1081710379744194
14.77,0.1009167459707194,-0.5512363988170438,-0.12574058402344962
14.780000000000001,0.09532694481501808,-0.5665569456090681,-0.06452919130168835
14.790000000000001,0.0895966077456923,-0.5793426727071139,-0.05272130349220456
14.8,0.08374494187420055,-0.5908210061142564,-0.0384057017615272
14.81,0.07778538127552384,-0.6009203541427808,0.0289317215506084
14.82,0.0717383626933983,-0.608313299102765,0.021238225529190392
14.83,0.06562156448295817,-0.614875443677715,-0.05071670335485782
14.84,0.059435303035118,-0.6222034083655701,-0.08510711220664394
14.85,0.053176683202143325,-0.6293455112112752,-0.050288865800887636
14.86,0.046856242878139456,-0.6345680181400258,-0.09984374133951121
14.870000000000001,0.040482634917272955,-0.6399775238952108,-0.07845040864416453
14.88,0.034062883744648775,-0.643797216138716,-0.03531454848247467
14.89,0.027615578410275506,-0.645489967774978,-0.16580756623913825
14.9,0.021140280055252966,-0.6493927809470774,-0.24960421996794108
14.91,0.014620808921130827,-0.6543223002667331,-0.29477332228208486
14.92,0.008051784901844827,-0.6593020179078837,-0.3640785354985442
14.93,0.0014297362291527142,-0.6649251504385633,-0.3968870316875087
14.94,-0.005247155326570083,-0.6702694330647436,-0.42588125121258746
14.950000000000001,-0.011975591369494464,-0.6752330661658001,-0.41228623737351167
14.96,-0.018746425252077595,-0.6787493832085678,-0.42237997918286607
14.97,-0.02554815332837303,-0.6814119429521728,-0.363350739199339
14.98,-0.032363620442693405,-0.681499503936286,-0.41063136550117424
14.99,-0.0391804111988095,-0.681676456466177,-0.3812652495864479
15.0,-0.04598985350759891,-0.6800318514477459,-0.4038482253468926
15.01,-0.052780276403015816,-0.6778735108588203,-0.22366257946028462
15.02,-0.05952128308751277,-0.6701557242009378,-0.23580512663002162
15.030000000000001,-0.06618149342594888,-0.6617170232186308,-0.12045256918484798
15.040000000000001,-0.07273788255497964,-0.6493982393490759,-0.11369142735172058
15.05,-0.07916540543730682,-0.6359482637716376,-0.019213657854274604
15.06,-0.08544194780070538,-0.6192095161855655,-0.04457590571333719
15.07,-0.09154979777542163,-0.6022144084954442,0.06507975146410265
15.08,-0.09746969182893823,-0.5816270331679878,0.2237857438340809
15.09,-0.1031598600850291,-0.5562803270017849,0.08264489467634561
15.1,-0.1086104497745094,-0.5337146343328582,0.25215650275157636
15.11,-0.11381061928289121,-0.5062081470653427,0.320298007547823
15.120000000000001,-0.11872397166493166,-0.47636129345463873,0.28956882620221935
15.13,-0.12333974251972299,-0.4466995452443302,0.3296950019622028
15.14,-0.12765117638363588,-0.4155036379436574,0.367183101491821
15.15,-0.1316435567250664,-0.38289887245492843,0.269642631356818
15.16,-0.13531993966599068,-0.35231047792135595,0.3118469747441581
15.17,-0.138683244348609,-0.3202931588142614,0.22227240351685842
15.18,-0.14173591817856965,-0.29019063505845766,0.1960377617546608
15.19,-0.14448939398372815,-0.26046123478100874,0.15186270659043097
15.200000000000001,-0.14694986957770056,-0.23159759800353466,0.11886957018524345
15.21,-0.14912481554200788,-0.20336238009116012,0.06757770469316587
15.22,-0.1510230083453042,-0.17625328152844744,0.009806387420600717
15.23,-0.15265670340328555,-0.1504686133580952,-0.16498324645662404
15.24,-0.15405390875068176,-0.12895722243126156,-0.07403620394169219
15.25,-0.15522426014751928,-0.10510650297223612,-0.20109246671179024
15.26,-0.1561718192554754,-0.08440149079585929,-0.3080394845060386
15.27,-0.1569256082571842,-0.06635493911420298,-0.4466915740238864
15.280000000000001,-0.1575162322437921,-0.05176925600228362,-0.5125247697740675
15.290000000000001,-0.1579692317311042,-0.03883204394981905,-0.5543495327499436
15.3,-0.15829815269932015,-0.02695581434984197,-0.6292533146962368
15.31,-0.15851779530713359,-0.016977337746163508,-0.7966298091935364
15.32,-0.15865869370136265,-0.011204641188686162,-0.7243461878604951
15.33,-0.1587329348070141,-0.00364960489212422,-0.6555686729924977
15.34,-0.1587232488824216,0.005576685683681334,-0.9330299162564514
15.35,-0.15865623181107175,0.007822499492334035,-0.8115788109597742
15.36,-0.15855174237279887,0.013066935830428655,-0.8590625197740553
15.370000000000001,-0.15840099795715765,0.01707354929292002,-0.8910723472435356
15.38,-0.15821444192770048,0.020229186337979287,-0.8152832655030511
15.39,-0.1579871395625301,0.025219745056537138,-0.9407248474007583
15.4,-0.15772593542252325,0.02701202490733354,-0.8616251616296796
15.41,-0.15743721949342832,0.030719308647770747,-0.7818703830529905
15.42,-0.15710184891884552,0.03633963843910954,-0.852722272450951
15.43,-0.15671958088170942,0.04009950348485779,-0.8500184116211373
15.44,-0.15629982028510214,0.04383714999423172,-0.8104717040015371
15.450000000000001,-0.15583822427876903,0.04846449427409812,-0.8303932409238912
15.46,-0.1553333775944826,0.05248675029807303,-0.7239930382462056
15.47,-0.15477559105283556,0.059048312955690054,-0.851792618954823
15.48,-0.15416881145560118,0.06228756814873778,-0.7688546801751752
15.49,-0.15351990424862574,0.06747061414083688,-0.8939119204486786
15.5,-0.15283547371231038,0.0693947425927159,-0.8187732183064451
15.51,-0.15212305724464245,0.07306517780855619,-0.8898200339480907
15.52,-0.15138350682544038,0.07482283614699868,-1.0558574402552767
15.530000000000001,-0.15064775289563087,0.07231054174001278,-0.9688411863138576
15.540000000000001,-0.1499267837573154,0.07186408288936251,-1.0746526343667713
15.55,-0.14922404926345234,0.06866704802300418,-1.0985886192887195
15.56,-0.1485567336007505,0.06478202072085976,-1.0558460961395144
15.57,-0.14792334788631037,0.061880938239160674,-1.2531604778757741
15.58,-0.14734399806466408,0.05398164923635895,-1.3109312503482484
15.59,-0.14685104538474092,0.044605443413100146,-1.2411688984441291
15.6,-0.14644323173321225,0.036954327051720505,-1.3642724101842298
15.610000000000001,-0.14612735005024347,0.026224839995118265,-1.3404581764717103
15.620000000000001,-0.14591567922290086,0.016114337304916987,-1.44527288837292
15.63,-0.1458180079789456,0.0034307750193920458,-1.5406694662070226
15.64,-0.14585871013034615,-0.011554115719616774,-1.5220072442591936
15.65,-0.1460463812672792,-0.025959633605671967,-1.4674616593021053
15.66,-0.14637065254172743,-0.038872011204004374,-1.4823539903320102
15.67,-0.14682519285549134,-0.0520096484618509,-1.5182583674935002
15.68,-0.14741476118330443,-0.06587315590090743,-1.4907402089218251
15.69,-0.1481385709209958,-0.07885520587849049,-1.4615403487549032
15.700000000000001,-0.1489875185757728,-0.09089832200341405,-1.4360932072411265
15.71,-0.1499526130063439,-0.10208230133171045,-1.24662050225594
15.72,-0.15100474078808027,-0.10830789600242546,-1.2751992750846948
15.73,-0.15212161317081216,-0.11502891562718437,-1.2548796813279532
15.74,-0.15330201556069,-0.12101293706576684,-1.1355604808892592
15.75,-0.15452620431733083,-0.1237884019278344,-0.9829413728402772
15.76,-0.15575801582062454,-0.12254155445679411,-0.8933944412991589
15.77,-0.15696522587182124,-0.11887135549365987,-0.8383232334581893
15.780000000000001,-0.15812800439866462,-0.11365809811008415,-0.7713044530482608
15.790000000000001,-0.15922952026315632,-0.10662243144741869,-0.6440378709423292
15.8,-0.16024414849507398,-0.09628645945499373,-0.6440485689599931
15.81,-0.1611549449530302,-0.0858590089893966,-0.5436919084293401
15.82,-0.1619485654315673,-0.07285721177427314,-0.3618243844783554
15.83,-0.1625892858452415,-0.055288051051238664,-0.3621214921878945
15.84,-0.16305443513019716,-0.037747763589294936,-0.2620598491968397
15.85,-0.16333192858052392,-0.017764631024693448,-0.17229796137201525
15.860000000000001,-0.1633988609179318,0.004356408012093041,-0.16501963194339989
15.870000000000001,-0.16324438702870597,0.026510510309486576,-0.17056066900903674
15.88,-0.162869957882359,0.048341775682329585,-0.04464882351599976
15.89,-0.16226257673289296,0.07309141684498115,-0.11058326204716107
15.9,-0.16141727842007147,0.09592074214805694,-0.16136885183789718
15.91,-0.16035150518021057,0.11718204340557319,-0.10984580572661433
15.92,-0.15906830379822445,0.1393994096760947,-0.1354872567518293
15.93,-0.15756794824905382,0.1606080261058792,-0.2124838958785991
15.94,-0.15586707324976104,0.17950030670499675,-0.17816867122562105
15.950000000000001,-0.15397504289511324,0.19883342847722588,-0.2035796955029829
15.96,-0.15189506844738446,0.217085176653844,-0.3074883827318219
15.97,-0.14964786877306402,0.232277209806955,-0.22321451254163693
15.98,-0.1472406009167702,0.24909275884572293,-0.23213036825093242
15.99,-0.1446688376141322,0.2651726489119559,-0.2374829232089084
16.0,-0.1419395982255592,0.2805844543357851,-0.2901381886124105
16.01,-0.1390655665532077,0.29412921681391585,-0.20709875504170766
16.02,-0.13604854100521943,0.30917780323689587,-0.16653379247223932
16.03,-0.13287894706312078,0.32463838215949975,-0.12723448605217605
16.04,-0.1295529587931616,0.3404521233928216,-0.15150047591536867
16.05,-0.1260751091684835,0.3550079580324522,-0.014587975261521398
16.06,-0.1224379527661246,0.37230632506149747,-0.05777560376424909
16.07,-0.11863674727039647,0.3878153367909963,0.049613337535076664
16.080000000000002,-0.11467067490291546,0.40527326038513445,0.18781409581341918
16.09,-0.11051660172306085,0.4254076689168089,0.14640388146911973
16.1,-0.1061704049297504,0.44369487637404886,0.216964183386729
16.11,-0.10163667983014212,0.46290740125407537,0.35782067349627455
16.12,-0.096897586009437,0.48476039184272524,0.3388228146849301
16.13,-0.09194690869436913,0.5052200161962667,0.3939739903890952
16.14,-0.08678945231410619,0.5261103146780156,0.4644756357844406
16.15,-0.08141917306317785,0.5477781762368917,0.5426799239544338
16.16,-0.07582752868146415,0.5703765419577832,0.40176443150087693
16.17,-0.07003274804581407,0.588404988970696,0.4883241704746118
16.18,-0.06405216114050102,0.6075317806669379,0.4840326845731458
16.19,-0.057886298215419546,0.6254566454590956,0.4736384884847852
16.2,-0.05154804264218191,0.6420072895964144,0.4677449218274072
16.21,-0.045050662113017885,0.6572788647538027,0.4398705369535273
16.22,-0.03840976832743178,0.6707081795068078,0.45943470419495464
16.23,-0.031637915393902705,0.6834680076563096,0.350088928633825
16.240000000000002,-0.02475795420860878,0.6923311821750872,0.3456566860860721
16.25,-0.017795716063276727,0.6999226269678055,0.2971011156721391
16.26,-0.010769441093126754,0.7051394201673316,0.17145915692068625
16.27,-0.003712457518684642,0.7060681316783847,0.14492209687456487
16.28,0.003344838430116348,0.7052038091817012,0.15045127225754004
16.29,0.010388577506078682,0.7033581557993497,0.012381858333035924
16.3,0.01739108149481318,0.6969627146628657,-0.10456318488334573
16.31,0.024309676342902167,0.6865827677507226,-0.1382749109914751
16.32,0.031115100859083245,0.6743335970628019,-0.23841287117566712
16.330000000000002,0.03778053130999213,0.6585913374075681,-0.22624786854842288
16.34,0.04428527311935332,0.6422007594761742,-0.23532734183784257
16.35,0.050620341608996616,0.6246623288848935,-0.35046446580193086
16.36,0.05676120336248785,0.6033684990714426,-0.3374806335973009
16.37,0.0626865652929662,0.5815685538665583,-0.2768884872360534
16.38,0.06839749046565312,0.5604860049772251,-0.35489207544782136
16.39,0.07388401111563438,0.5366964289824939,-0.3046454615472021
16.4,0.07913532208637597,0.5134496785213792,-0.34105038508622887
16.41,0.08414621125518683,0.48862009257591177,-0.29572304120007525
16.42,0.08891128821501354,0.4642931910386672,-0.2370397301805926
16.43,0.09343742252929749,0.4408369514624339,-0.052290350080871684
16.44,0.09774920245536049,0.421423667575237,-0.1266382348452742
16.45,0.10185477349263261,0.3996031972100695,-0.07429936783412741
16.46,0.10574611053577321,0.37858169994172064,-0.01586603259248246
16.47,0.1094321059819273,0.3585392880710682,0.06406982227957378
16.48,0.11292536190290477,0.34003727692061203,0.16347675270216425
16.490000000000002,0.11624381085514024,0.32358036337491153,0.19519086064630667
16.5,0.11939952985454846,0.307495222147505,0.338952047224515
16.51,0.12241032768137632,0.29459658906164454,0.29122563123195927
16.52,0.12528419291324047,0.2801140414275327,0.39058747105515784
16.53,0.12802379494972638,0.2677452794273254,0.3623043917422242
16.54,0.13063438631452698,0.2543164852510227,0.40123956902699676
16.55,0.13311388992228956,0.24153055291622766,0.3134981183626695
16.56,0.1354530185747473,0.2262479258948157,0.386569410150911
16.57,0.13764706076054942,0.21251551041688402,0.3898494380244373
16.580000000000002,0.139702877689069,0.19860678647218044,0.3755376584021745
16.59,0.14161662993473162,0.18410703879325854,0.2695771935856327
16.6,0.14337111246741963,0.16676018940751483,0.4072757698304535
16.61,0.14496847034256555,0.15268287786884505,0.32789968929811786
16.62,0.14641434031925785,0.1364689976194892,0.3089643155246087
16.63,0.14769509178152251,0.11966429143081336,0.30297710901890523
16.64,0.14880658615226552,0.10262243661171824,0.29210716084314126
16.65,0.1497459890883487,0.0852510422788158,0.31613218020910766
16.66,0.15051450893175733,0.06844986736136321,0.2304412790263233
16.67,0.15110428416758467,0.04950927756045086,0.2528875566630573
16.68,0.15150762727242198,0.031167890032862557,0.327706549522441
16.69,0.15173719358779186,0.014756605564649087,0.3432708371939048
16.7,0.15180496924158654,-0.0011863238610000625,0.3495550598811221
16.71,0.15171459643307608,-0.016869045683675893,0.3818483236747834
16.72,0.15147204126533778,-0.03161963431529131,0.42059158754531484
16.73,0.15108752158007172,-0.04525925841333798,0.5203010538994106
16.740000000000002,0.15057982803219835,-0.05625386632117717,0.6515051883309363
16.75,0.14997934764237694,-0.06381775509167753,0.6160696070022281
16.76,0.1492995616955532,-0.07211203780026225,0.8275399278805093
16.77,0.14856404953205624,-0.07496728227561428,0.8802920245068929
16.78,0.1478072636340498,-0.07636776034799625,0.9047211758422494
16.79,0.14704018614342415,-0.07702611631263623,1.0564725911232313
16.8,0.14628610003876208,-0.07377401234145475,1.032694692415513
16.81,0.14556207223780562,-0.07101475392482258,1.1048451037207394
16.82,0.14487513056663154,-0.06635982284613329,1.207226651878838
16.830000000000002,0.14424790602269316,-0.05907576306058284,1.3245857167836168
16.84,0.14370841793422756,-0.048818096046700885,1.3936005683258508
16.85,0.1432801983818279,-0.03682693747224063,1.4389462275820317
16.86,0.14297747949204329,-0.02372257013374214,1.5133958414526951
16.87,0.1428148821780784,-0.008808369080408662,1.433428422301352
16.88,0.14279106943206069,0.00403277441377572,1.5842275082112833
16.89,0.14291404979907135,0.020542343651070293,1.4950903737370982
16.9,0.14319033669277098,0.03469242029609642,1.5270792751361666
16.91,0.14361139836939582,0.04949266262773496,1.5215002108379907
16.92,0.14417891051624235,0.06397885785512737,1.4551075659004717
16.93,0.1448820395673444,0.076614318941775,1.404986643414623
16.94,0.1457042609313113,0.08779562106130774,1.3750349867978902
16.95,0.14663350153018714,0.098016267030217,1.3692772249254697
16.96,0.1476631179346371,0.10786843048311384,1.3383426728435002
16.97,0.1487862159319737,0.11671110297261372,1.2722650879979878
16.98,0.1499882760323222,0.1236607042985828,1.1276227734568065
16.990000000000002,0.1512405699373452,0.12676058562352688,1.0709721310003444
17.0,0.15251566644594006,0.12822233582527248,0.9993813769801585
17.01,0.15379535868372554,0.12768172734230235,1.0060324847199207
17.02,0.15506944634483405,0.12710160173968596,0.8244982616551914
17.03,0.15631406994496586,0.12179474746259937,0.9370075259431583
17.04,0.15751882184735985,0.11912552663339178,0.8063949797069202
17.05,0.1586796978892237,0.11302442316467536,0.7544614086405442
17.06,0.1597723463489845,0.10548340172521697,0.7813921845463622
17.07,0.16079230923251567,0.09848870528626451,0.7946135516850523
17.080000000000002,0.16174338035388644,0.09170670045439455,0.7461419693915669
17.09,0.162620041356421,0.08361011433214526,0.7745316720121266
17.1,0.1634188386914222,0.0761354310720347,0.7274529807448528
17.11,0.1641366213671571,0.06741073090835185,0.7858812559946613
17.12,0.1647741573551957,0.06008679565269395,0.7938095513032749
17.13,0.1653391733107601,0.05290855442596835,0.735730560618758
17.14,0.16582494836436026,0.04424237289948295,0.8222339985968948
17.150000000000002,0.16623475152411338,0.03771397814775153,0.7668716231157323
17.16,0.16657225586723629,0.029786084346738174,0.7685277948454131
17.17,0.1668306854302198,0.021901145269781992,0.7193170196337868
17.18,0.1670041892543285,0.012804558789498545,0.7464243216400324
17.19,0.16709028076080862,0.004420320844289789,0.7882704414077896
17.2,0.16709796872665772,-0.0028751586769756457,0.6643624926075532
17.21,0.1670174951212185,-0.013206336563989843,0.734442763069951
17.22,0.16684287418416904,-0.021703996678612766,0.6823060107726137
17.23,0.16657721237607429,-0.031410723503419315,0.6325124370916811
17.240000000000002,0.16620882794954542,-0.04224450072849611,0.45313602606896264
17.25,0.165710412681791,-0.05740870792321024,0.494733882557802
17.26,0.16506647828600257,-0.071345646328567,0.4612025220623711
17.27,0.16428000442757307,-0.08591202471177213,0.31312553911972923
17.28,0.16333054963893234,-0.10393368588709165,0.27324466142529774
17.29,0.1621973082470837,-0.12266356251585386,0.0638439423023304
17.3,0.16085223115423997,-0.14628981435311725,0.12864670373995293
17.31,0.15928089532706147,-0.16791126993006134,-0.0255506186777537
17.32,0.15747615111903362,-0.19296147040851042,-0.034303122667948244
17.330000000000002,0.15542215970815265,-0.2177541992597961,-0.25150266233803076
17.34,0.15309569307979298,-0.24744388429348052,-0.2004810541245915
17.35,0.15048162462725798,-0.275268748126344,-0.31523117453961585
17.36,0.14757809689906398,-0.30532552213581776,-0.32235802923588597
17.37,0.14437652497136322,-0.3348700828444925,-0.4581809335622926
17.38,0.14086620349344295,-0.3670642852972643,-0.4807918153880598
17.39,0.1370350961546915,-0.3990188855170122,-0.3638552519550936
17.400000000000002,0.13290325252981736,-0.4272075036080429,-0.5313667171346841
17.41,0.12847296743688533,-0.4586956918393572,-0.5268309457914148
17.42,0.12373305494794366,-0.48912586358999594,-0.49511544458811646
17.43,0.11869769500142024,-0.5177792394104519,-0.5109245372719777
17.44,0.11337890133715729,-0.5458057846013545,-0.3685040558225967
17.45,0.10780287849386434,-0.5692232275777602,-0.30097169988439904
17.46,0.10200642038039602,-0.5898900177775918,-0.3740724579841811
17.47,0.09599957110776748,-0.611295199760968,-0.370938820288649
17.48,0.08978464376140059,-0.6315015098607083,-0.16774819068509414
17.490000000000002,0.08339869768081493,-0.6455011663702981,-0.11047272789962378
17.5,0.07688551816764796,-0.6569476959435219,-0.06410652905169725
17.51,0.07026928409187522,-0.6661119333387339,0.011709364865966493
17.52,0.0635764895687539,-0.6722611229036086,-0.03382806987992022
17.53,0.056822102246060525,-0.6784289849394868,0.05175287016311703
17.54,0.05002233342527849,-0.6813398277972733,0.03514419874954751
17.55,0.043196927947073194,-0.6835565012871271,0.06997993919697493
17.56,0.036359236275563464,-0.6837989564166042,0.21795319027296312
17.57,0.029543049097947974,-0.6792613691046827,0.15419600197264327
17.580000000000002,0.022769575238901763,-0.6752569404632341,0.31128079882148385
17.59,0.016061008099059464,-0.6662871100287269,0.20119826388156156
17.6,0.009433456219641229,-0.6590542368408709,0.15671038721370262
17.61,0.002877725179303736,-0.6519247701189099,0.21160460077296475
17.62,-0.0035948787209916346,-0.6424335508334943,0.23744445663251312
17.63,-0.009964509628991414,-0.6313346235891771,0.14124570035888942
17.64,-0.01623044818442567,-0.621696265639675,0.02091542147343678
17.650000000000002,-0.022410341156058482,-0.6141255616258942,0.06196472279655722
17.66,-0.028504734301224733,-0.6046006181105533,0.07226589410278217
17.67,-0.034498054405291544,-0.5939148303803045,-0.06102366719884714
17.68,-0.04039672030945901,-0.5856696341744685,-0.11318753619632393
17.69,-0.046215009262151205,-0.5778410650096164,-0.05858683655011763
17.7,-0.051943819623749596,-0.5677786031804872,-0.13267984175141265
17.71,-0.05757700898872213,-0.5587182600089301,-0.2192362304176759
17.72,-0.06312619194662002,-0.5509780609073706,-0.2007208783446645
17.73,-0.06859148424653391,-0.5419436476067462,-0.22963663145106591
17.740000000000002,-0.07396596798660501,-0.5328187658789366,-0.17925421288162352
17.75,-0.07923892121855966,-0.5216423391637468,-0.18280318796309236
17.76,-0.08439670363074538,-0.5097882950140434,-0.11722023745919279
17.77,-0.08942402950359453,-0.4955569484218746,-0.1184927294077504
17.78,-0.0943056473666861,-0.48065120708030984,-0.20500414641700648
17.79,-0.09904558099778565,-0.46722221808338926,-0.07405823408974203
17.8,-0.10363153672983132,-0.4498638449425302,-0.013216569812824923
17.81,-0.10803322056644965,-0.43037496256374874,0.0034620568486032656
17.82,-0.112235054385873,-0.4099001749308523,0.07160921698121434
17.830000000000002,-0.11622095251393055,-0.387195930204878,0.031006185703679884
17.84,-0.11998243217531371,-0.3650218871140747,0.04646886033476624
17.85,-0.12351796357098402,-0.3420131932720489,0.17142387924040264
17.86,-0.12680575409912181,-0.3154840986587258,0.09627049592432196
17.87,-0.12983587721388,-0.2904849943061292,0.058379980433997475
17.88,-0.13261913968908084,-0.26611793383120247,0.22530042232667175
17.89,-0.13513649553628973,-0.2373155671754616,0.13529078267639139
17.900000000000002,-0.1373760035690432,-0.21055370235182808,0.14265072363019277
17.91,-0.13934607938061327,-0.18343679363242466,0.06301340396188217
17.92,-0.14105425326547752,-0.15817843401647033,0.029943953713598412
17.93,-0.1425134511527062,-0.13364757552876486,-0.009767722190328093
17.94,-0.1437319536176323,-0.1100448998651412,-0.029076422854435954
17.95,-0.14471666159512137,-0.08689455470319943,-0.061755011152403734
17.96,-0.14547394058875185,-0.06456441946709993,-0.2733222143141342
17.97,-0.1460344600603031,-0.04754234886935303,-0.20656120204344225
17.98,-0.14641656501439945,-0.028888118256917308,-0.3949431703478497
17.990000000000002,-0.14663595655925626,-0.014999020718356968,-0.48496831172436256
18.0,-0.14672798695917025,-0.0034169013507816554,-0.49578846374790325
18.01,-0.1467058718228387,0.00782733462047772,-0.6316842818814287
18.02,-0.14658867047115276,0.015601449778607567,-0.8013135933047753
18.03,-0.14641524861115976,0.019074490354654163,-0.7251563841803231
18.04,-0.14619786014834218,0.024391605441073005,-0.9478728009418145
18.05,-0.14595543864417238,0.024086412330384586,-0.9728742012994325
18.06,-0.14571937441730762,0.023121027781425833,-1.047189961125795
18.07,-0.14550239163084466,0.02027265283041649,-1.0489761320222588
18.080000000000002,-0.14531419371060955,0.017364902744554447,-1.1942608722851658
18.09,-0.14517324552703234,0.0108278638051339,-1.1620668876203457
18.1,-0.14509354109753073,0.005116940137597934,-1.2794316698019967
18.11,-0.14508545040533474,-0.003489843792966207,-1.205113419273693
18.12,-0.14515386721010487,-0.010184513329789986,-1.3077360692157962
18.13,-0.14530174169134608,-0.019376550295209148,-1.2863184073131182
18.14,-0.14553842626012384,-0.027944775318510473,-1.1633271190984313
18.150000000000002,-0.14584496400920693,-0.033348656322561794,-1.224766609080501
18.16,-0.14621276572345285,-0.04019435986644719,-1.2116523647248154
18.17,-0.14664685154694648,-0.0466041347175276,-1.0771965796915473
18.18,-0.14712768983802418,-0.04954727381677692,-1.1407002575949439
18.19,-0.14764538499615115,-0.053972920051205193,-1.1680507485156233
18.2,-0.14821017166243786,-0.058963686026628326,-1.0596519569225908
18.21,-0.1488107127212475,-0.061125836900479964,-1.1268304253782901
18.22,-0.1494406881686067,-0.06484809380235418,-0.9863258676158597
18.23,-0.15008971932204587,-0.06494032580507264,-0.9622793117050363
18.240000000000002,-0.15073614030828597,-0.06432688062233291,-1.0368711389378373
18.25,-0.1513852226900338,-0.06547065478886789,-1.0317639793496327
18.26,-0.15204453569075513,-0.06637297893140653,-0.9905833637301571
18.27,-0.15270716574269425,-0.06613518655983068,-1.00471505108547
18.28,-0.15336864673454095,-0.06614293270765158,-1.06706083679044
18.29,-0.1540374394719292,-0.06759579101346694,-1.0087221423038997
18.3,-0.15471288753165174,-0.06747548904573683,-1.163534378066536
18.31,-0.15540589174391906,-0.07110254137160478,-1.11166800715723
18.32,-0.1561280050207946,-0.07329802843127808,-1.141759507525366
18.330000000000002,-0.15687515887740858,-0.07610931116033297,-1.1682200399468963
18.34,-0.1576530164405985,-0.07943737372745244,-1.1720232957201917
18.35,-0.15846387655769784,-0.08270897366898677,-1.2797518802569374
18.36,-0.15932011057466888,-0.08850821032182035,-1.216322095826501
18.37,-0.16022552358381809,-0.09254529814646119,-1.2769222605805117
18.38,-0.16117798325477964,-0.09791482578476991,-1.3158051031838833
18.39,-0.16218802048007125,-0.10405839779461172,-1.3588313150995508
18.400000000000002,-0.1632638181317514,-0.11106417989995858,-1.3474695446717015
18.41,-0.16440713108273103,-0.1175601395235093,-1.2578153331808168
18.42,-0.1656030586560306,-0.12158828079560505,-1.300587747352839
18.43,-0.1668434804350984,-0.12645685015646035,-1.2144616443436078
18.44,-0.1681206588143029,-0.1289411199759361,-1.1185567298453585
18.45,-0.1694095832254993,-0.1288085092539895,-1.0630454552924393
18.46,-0.1706892032244973,-0.12708217701775726,-0.9693741473144585
18.47,-0.17193888484800635,-0.12282434116671342,-0.9855881535441982
18.48,-0.17314712953262518,-0.11879566944557016,-0.9403259839659598
18.490000000000002,-0.17430858755548181,-0.1134696654370526,-0.7437530634226183
18.5,-0.1753914977498434,-0.10309363798966306,-0.6831291842383028
18.51,-0.17636255444290896,-0.09110375451479927,-0.5432166178297788
18.52,-0.17719587831157882,-0.07555465293435557,-0.49859215994907713
18.53,-0.17786799792310962,-0.05886854981575383,-0.34000716861285396
18.54,-0.17835350270494157,-0.03824102775524339,-0.26099159492376545
18.55,-0.1786231926015979,-0.01571354385938395,-0.1757673655841786
18.56,-0.17865753755018135,0.008819338414290265,-0.10118298876084214
18.57,-0.17843807421540878,0.03503931981367378,-0.029281146293213225
18.580000000000002,-0.17794853402545183,0.06282559875226215,0.0303403334375202
18.59,-0.1771750625873054,0.09181646685290636,0.08747740793395128
18.6,-0.17610619960896828,0.12189462028633982,0.17211065484168558
18.61,-0.17472792391626904,0.15368867631431554,0.13196104123665717
18.62,-0.1730389529172468,0.18402670785436404,0.26779620915423863
18.63,-0.17103210325524276,0.21725262044847707,0.18793270737934048
18.64,-0.16870575798257245,0.24791982339817079,0.24413864772149588
18.650000000000002,-0.1660687066675168,0.279384504878337,0.1822843764368761
18.66,-0.16312797969263682,0.3086490426934775,0.15786926140159563
18.67,-0.1599010799541151,0.33661268841342545,0.24810231626875887
18.68,-0.15638690471578393,0.36609475989400125,0.10177136156752889
18.69,-0.15260005798972168,0.39114437256943524,0.020288695352373695
18.7,-0.14857684259434253,0.4133651843098596,0.013285854778725188
18.71,-0.14433634881229968,0.43459532077814733,-0.0023291126185270884
18.72,-0.13988969616088312,0.45459280805545915,0.08725457882063176
18.73,-0.13523621181028647,0.4759547395651635,-0.04117680963557341
18.740000000000002,-0.13038965218605245,0.4932071691463792,-0.0313178668643067
18.75,-0.12537387464661004,0.509794616775966,-0.14897064086537898
18.76,-0.1202115408903513,0.5225187419898684,-0.09541620026322202
18.77,-0.11491991131713512,0.5356500300248552,-0.08625145499126066
18.78,-0.10950056375251714,0.5480598415328218,-0.02875438230065895
18.79,-0.10395475791449339,0.5609379552647182,-0.14481615795525174
18.8,-0.09829956937855694,0.5699377499044241,-0.06339315174834216
18.81,-0.0925491002129031,0.5799905708904426,-0.05494929268989387
18.82,-0.08670202982374187,0.5892564091468683,-0.09145423679137468
18.830000000000002,-0.08077187928860648,0.5966065785668784,-0.006498739018555865
18.84,-0.07476265266259241,0.6050684799689126,0.019971443263420804
18.85,-0.06867062399579954,0.6131653084768923,-0.04209665772536836
18.86,-0.06251053557257823,0.6186815038248824,0.14589680546549288
18.87,-0.05627696785457936,0.6278554338417195,0.18388229981426912
18.88,-0.049952233556199474,0.6369126296430121,0.17329335432398751
18.89,-0.04354362342300458,0.6446299007356759,0.16255059253373005
18.900000000000002,-0.037064573365726404,0.6510002700727799,0.33209984651214625
18.91,-0.03050607374170086,0.6605144281419428,0.2931091959992997
18.92,-0.023862864898956303,0.6679421523171355,0.3443277507204232
18.93,-0.017144553964430324,0.6755327287049037,0.36883280460302537
18.94,-0.01035290802775526,0.6826077902561749,0.26768583028201737
18.95,-0.0035087927667516615,0.6860291176965801,0.3201058386551989
18.96,0.0033704920345283594,0.6896405670172068,0.2436469285417267
18.97,0.010270739637151168,0.6902243388072128,0.2196359326331511
18.98,0.017168301959412685,0.6891053710164431,0.1771251524618774
18.990000000000002,0.02404390440671082,0.6858351980423912,0.13259479790394413
19.0,0.030875873457807207,0.6803821205968799,0.13352262239688112
19.01,0.03764815778267446,0.6739008623353717,0.024615235617009228
19.02,0.044336857959317556,0.6636714246324871,-0.05151871870878111
19.03,0.050908773097190774,0.6505499499980086,-0.12093015570882
19.04,0.05733601134051394,0.6347426577160076,-0.15241082339538253
19.05,0.06359665017770808,0.6172362091550524,-0.27376840138484465
19.06,0.06966267719654909,0.5958295292400004,-0.3090017518031299
19.07,0.07550611815518021,0.5727266329492229,-0.3348482880986604
19.080000000000002,0.08111141476149225,0.5482084174189453,-0.40080195721138817
19.09,0.08645964791652733,0.5213232322658186,-0.4092196150482197
19.1,0.0915346081951993,0.4935619885344717,-0.4539899994921336
19.11,0.09632324756738278,0.46406847510585353,-0.3319286711524148
19.12,0.10082933700950052,0.4370568464441766,-0.36233935193175487
19.13,0.1050588180104156,0.408755508551843,-0.3907570871153455
19.14,0.10899930676045094,0.37926735849880844,-0.3883416478341146
19.150000000000002,0.11264305222156576,0.3494151620254627,-0.23695525141933416
19.16,0.11600524308387276,0.32296034544072794,-0.28040779123300613
19.17,0.11909566137581365,0.29506946044566534,-0.24128455711433464
19.18,0.12191051284904526,0.267853660480834,-0.15385061489824253
19.19,0.12446277176679418,0.2425559654279038,-0.07901852376780223
19.2,0.12677019261196262,0.21889089802574668,0.05591838230975057
19.21,0.12885673868185213,0.19838359714894785,0.06736344208198056
19.22,0.1307386551032085,0.17797039070094295,0.2574941217455274
19.23,0.13243933006825775,0.16213531935200018,0.19207821182650742
19.240000000000002,0.13397266202099634,0.14450822391037257,0.35216813933352353
19.25,0.13534905266326802,0.1307471819314963,0.34462375785320504
19.26,0.13658624899731567,0.11667346547498986,0.5572915071881769
19.27,0.13770871214545866,0.10779810954252228,0.5148368277393386
19.28,0.138736520666867,0.09774635976341349,0.5855917526081201
19.29,0.13967214732371852,0.08936245804044822,0.6833508660397016
19.3,0.1405356555505711,0.08332213049368209,0.7396530082814222
19.31,0.1413452880852713,0.07858738808579536,0.6520776006566258
19.32,0.14209615534684383,0.07157310171538454,0.7124365593851293
19.330000000000002,0.14278403852078353,0.06599075434861917,0.6739148704375115
19.34,0.1434109265392282,0.059376828378095645,0.7571256746593061
19.35,0.14398177106969917,0.054781427845584006,0.7455642237939248
19.36,0.14450491336397844,0.04983804938645694,0.7286314753327346
19.37,0.144976254646823,0.044423137860609765,0.7038346640795758
19.38,0.14539015734482605,0.03835259528385834,0.7088454739381703
19.39,0.14574385218989205,0.032383099266870524,0.6806276961484483
19.400000000000002,0.14603425107898288,0.025695893915530874,0.7355378966495515
19.41,0.1462646208637354,0.020377454567178835,0.7789108650506985
19.42,0.14644721186530754,0.016140286388590542,0.6049046759472889
19.43,0.1465657274992711,0.007568750001804476,0.6995218154125009
19.44,0.14661052838091643,0.0013967867148719816,0.6948694019410963
19.45,0.1465932066878391,-0.004853987144996516,0.7581995078443226
19.46,0.146521506305985,-0.00947920196295452,0.7116179937298126
19.47,0.14639796306612152,-0.015219955754338373,0.7854987448209633
19.48,0.14622652619932003,-0.019058650187498635,0.7822908813370114
19.490000000000002,0.14601657523534853,-0.02292169955682929,0.9179190689052144
19.5,0.14578521406649966,-0.02334377742070545,0.9434462693005045
19.51,0.1455530192051913,-0.023089137423820308,0.9913280235893146
19.52,0.14532952303619573,-0.021605587002095465,1.0830345951624498
19.53,0.14513243066116546,-0.01781156253329396,1.119999921497772
19.54,0.1449779180646027,-0.013091779222970664,1.1234143612646088
19.55,0.1448709916576979,-0.00829570290102613,1.2988521841057832
19.56,0.1448338270964311,0.0008540459785451367,1.3487620501807096
19.57,0.1448940979114587,0.011187454917334163,1.3874007517981104
19.580000000000002,0.14506211450240564,0.02239932806348369,1.4987980675047265
19.59,0.14535561738502856,0.03627844861945688,1.5569571199320236
19.6,0.14579444451778517,0.051458828521467714,1.4784539150454772
19.61,0.1463744007203621,0.06450269191573466,1.5203547968859341
19.62,0.14708909601479658,0.07840205772102787,1.6514373580111668
19.63,0.14795806813440504,0.09535059311773558,1.6473256402787926
19.64,0.148994716005371,0.11193301731977232,1.5290659679031302
19.650000000000002,0.15018101786377297,0.12528074652695909,1.4838311073491
19.66,0.15149372367440567,0.13721185517022078,1.475474004420144
19.67,0.15292321187546476,0.14863456198749353,1.4351951900582642
19.68,0.15446033891558542,0.15873807047215296,1.3228794035231841
19.69,0.1560828856847772,0.1657194810379844,1.3361085573755211
19.7,0.15777532638187547,0.1727149058293167,1.194991262760816
19.71,0.1595184931229115,0.17586737406757474,1.1166074942032012
19.72,0.16128187110387812,0.17675898407751453,1.1365749457929637
19.73,0.1630551787447673,0.17785279020518166,0.9676955043221823
19.740000000000002,0.16481686965556935,0.17444073303752378,0.908764104715748
19.75,0.1665357624299265,0.16929615622805685,0.8555944809212949
19.76,0.16819534483859352,0.1625819346271621,0.7797521568008074
19.77,0.16977719513744544,0.15375409764725034,0.6420225204597493
19.78,0.17125259525817363,0.14129866946871533,0.5871762877982953
19.79,0.17259581891502138,0.12732403864194852,0.4773511373264932
19.8,0.17378497820490968,0.11049306288835714,0.5481561190363871
19.81,0.17481426269606096,0.09535166300868098,0.4446195105040357
19.82,0.17567889762369163,0.07757048736076641,0.31779604855780913
19.830000000000002,0.17634980792786756,0.05661544975029781,0.34350163765902414
19.84,0.1768145474485794,0.03634127794290367,0.3585019293961083
19.85,0.1770787359749402,0.016510299672149203,0.3348780495961028
19.86,0.17714213830839065,-0.0038099094481094074,0.39809768960573355
19.87,0.17701087546665065,-0.022419198637333347,0.37747982118086254
19.88,0.17669170188487263,-0.04138650114861557,0.28925743750860344
19.89,0.1761727733322761,-0.06236255181365857,0.32274465967696275
19.900000000000002,0.175449415771862,-0.08226782018250028,0.2761187945161163
19.91,0.17452247680045652,-0.10307227834533575,0.36602049665495745
19.92,0.17340019044129615,-0.12133464386516563,0.37317764022955413
19.93,0.17209773039889367,-0.13910260093086965,0.5100498535198363
19.94,0.17063634909359787,-0.15311854698606125,0.3847497846398537
19.95,0.16902086949375078,-0.1699150828960765,0.2747088177255561
19.96,0.1672256111802753,-0.189066868389124,0.33875915508917487
19.97,0.1652489622759148,-0.2061904189282299,0.36371558257990083
19.98,0.1631064071007944,-0.22224475165222898,0.273317700604909
19.990000000000002,0.16079434912195517,-0.24008447533946536,0.2629171048660262
20.0,0.15830511092685534,-0.25767625881462786,0.25046343019422257
20.01,0.1556410508703351,-0.2750443610925851,0.24109566085989823
20.02,0.1528049242145083,-0.29208528898972064,0.16457240995845937
20.03,0.14979175470339443,-0.310446760862154,0.07184375506859997
20.04,0.1465865040397394,-0.33049456013455314,0.0950839907075349
20.05,0.14318698500785393,-0.3492965559067001,-0.03446344150956693
20.06,0.13958671304163472,-0.37063707016913633,-0.09656051468984142
20.07,0.13576896369451447,-0.39278536092343613,-0.2038848850896796
20.080000000000002,0.13172022034087075,-0.416827691010268,-0.2349295519491121
20.09,0.12743130580600476,-0.440813265470804,-0.21943469374817237
20.1,0.12290878111905616,-0.46354486215742874,-0.3832998605040975
20.11,0.11814295874238329,-0.4894629636722767,-0.34883938274508575
20.12,0.11312701118460461,-0.5135652261124045,-0.34338987406149785
20.13,0.10787561346722577,-0.5365479940704755,-0.4221589144007286
20.14,0.10238960361226718,-0.560480482867088,-0.40455021988957174
20.150000000000002,0.09667172143054134,-0.582917982967649,-0.47430841347129543
20.16,0.09072615053977148,-0.6060115784513984,-0.34338719865980794
20.17,0.08457155873676077,-0.6247214047797259,-0.33293149552750684
20.18,0.07823677055121674,-0.6420476741981573,-0.3444246650185933
20.19,0.07173297564299495,-0.6585193058277823,-0.40210677453311716
20.2,0.0650630606470919,-0.6752671180567837,-0.3158467047918908
20.21,0.0582423534881223,-0.688677424710121,-0.156324196169423
20.22,0.05131336682499746,-0.6969257803044909,-0.05512784638147214
20.23,0.044320349549914435,-0.7014859074319914,-0.05736802401876289
20.240000000000002,0.037287203288726777,-0.7049517942499716,0.061061921281950426
20.25,0.030239910833023395,-0.7043192426968836,0.03954722700605423
20.26,0.023201869704009927,-0.7031024828080297,0.1300800744249257
20.27,0.01619286631169032,-0.6985161275467737,0.20568179863668762
20.28,0.009244592976675226,-0.6909613009119404,0.28751566168066184
20.29,0.002387359373929146,-0.6803139314427301,0.24368823832963543
20.3,-0.004363761375263597,-0.6697414859433843,0.41255020043485346
20.31,-0.010983074630338197,-0.6539614897653578,0.4675022427217405
20.32,-0.017432996260946278,-0.6358701169711964,0.3694102649013199
20.330000000000002,-0.023709713971317357,-0.6193236385163338,0.37362879209356364
20.34,-0.029816000406669232,-0.6017894115235549,0.46234373390306205
20.35,-0.03573160861733408,-0.5811962843378158,0.40452052552594026
20.36,-0.04144448170793715,-0.5612470462026363,0.3005711987616877
20.37,-0.04696694899156798,-0.5431181945451106,0.43163800313754397
20.38,-0.05228799088144815,-0.5209715580095241,0.3623466002265214
20.39,-0.05739271545610855,-0.49985933322301757,0.2866379598505421
20.400000000000002,-0.06229240218537697,-0.4799680924217389,0.3660704555733595
20.41,-0.06698003177478075,-0.45745629695987344,0.2129189620605675
20.42,-0.07145866413722389,-0.43817072661130657,0.1112361877041251
20.43,-0.07575419616389617,-0.42083897748684196,0.09599751069197289
20.44,-0.07987546208542802,-0.4033223022104808,-0.018223594497207785
20.45,-0.08383310157044581,-0.38811554594195735,-0.059036885956962465
20.46,-0.08764110801325731,-0.3733991192764185,-0.05245861470396518
20.47,-0.09129857545686855,-0.35801243874897015,-0.14512117187190895
20.48,-0.09481132071094421,-0.3444565558220548,-0.17935535955957352
20.490000000000002,-0.09819041598619095,-0.33128556667707487,-0.10573819576230332
20.5,-0.10142635185752161,-0.3158309059799838,-0.17108409485805126
20.51,-0.10451381539365671,-0.30159374601791455,-0.1911393393183822
20.52,-0.10745940909382205,-0.28746060070290813,-0.21453401584498583
20.53,-0.11026469899034612,-0.27353649891682225,-0.21939652006747198
20.54,-0.11292956892291262,-0.2593806007519345,-0.16709753723938559
20.55,-0.1154446921415831,-0.24359290007737242,-0.23193029628778958
20.56,-0.11780853534847076,-0.2291272401155706,-0.12515783304442785
20.57,-0.12001299245872014,-0.2117230916285978,-0.24987355618876206
20.580000000000002,-0.12205777892961592,-0.19719433722630314,-0.1983860885012999
20.59,-0.12394970214755892,-0.18115616377296495,-0.2385080715639919
20.6,-0.1256852686223789,-0.1659263399164506,-0.17299971481167123
20.61,-0.1272594861599611,-0.14889265410628214,-0.1200496695209676
20.62,-0.12865607524790504,-0.13040699928617847,-0.06904271035074402
20.63,-0.129860952595038,-0.11055694918056891,-0.17727197144401974
20.64,-0.13088053630394972,-0.0933504714299728,-0.15440246384456302
20.650000000000002,-0.1317249706023359,-0.07553246682104725,-0.19220154092826836
20.66,-0.13239586995318084,-0.05864719423347069,-0.2404245002523493
20.67,-0.13290397033687124,-0.042975796887309015,-0.30225820798934755
20.68,-0.13326319822379476,-0.028875061483020555,-0.28912850212685404
20.69,-0.13347997763271943,-0.01449027249057313,-0.4379200274440794
20.7,-0.13357178797120733,-0.003880615728520914,-0.41410659403247324
20.71,-0.13355482466911364,0.007260933866685712,-0.49513269703529955
20.72,-0.13343695091978605,0.016300973876631045,-0.6126263407055785
20.73,-0.13324373918811963,0.022329695542109722,-0.7193866840014823
20.740000000000002,-0.13300392097366126,0.025623921057856533,-0.8310290407290885
20.75,-0.1327453932670038,0.026074119239208,-0.7632578067085104
20.76,-0.13247413713661507,0.028167508343993477,-1.0190398194817218
20.77,-0.13221414044427154,0.023829396545979528,-0.967305832106634
20.78,-0.1319911338441827,0.020769131984801115,-1.1046103392770443
20.79,-0.13181592932280384,0.01427394202350428,-1.2365492669510054
20.8,-0.1317220491157871,0.004509963061630099,-1.3524945057237152
20.81,-0.1317400071072881,-0.008087639549314223,-1.3098220710791306
20.82,-0.1318781681996365,-0.01952862707635676,-1.3324720902159473
20.830000000000002,-0.13213305541405235,-0.03142920442477982,-1.5113308231091265
20.84,-0.1325286356921444,-0.047658802378117385,-1.5131819139889873
20.85,-0.13308585906899362,-0.06375357683248181,-1.466820355922971
20.86,-0.1337972375819257,-0.07848709152619464,-1.5112518180200378
20.87,-0.13466040375277546,-0.09410603629092015,-1.4244439799531956
20.88,-0.13566768986715136,-0.10730973340293663,-1.53771776206241
20.89,-0.13681986319324435,-0.12307679832237883,-1.456142650153214
20.900000000000002,-0.13811804949878692,-0.13651083604339426,-1.5103121942592386
20.91,-0.1395558097429256,-0.1509866645312855,-1.2993580859308902
20.92,-0.1411103462619507,-0.1598688613400312,-1.3905360913608737
20.93,-0.1427635017823006,-0.17070567555342855,-1.4094957764620737
20.94,-0.1445256669117328,-0.1816676576029994,-1.2474822428082475
20.95,-0.146375428985673,-0.18822734588187714,-1.1891008207076932
20.96,-0.14828176997597817,-0.1929837924563281,-1.027899408488842
20.97,-0.1502138495077213,-0.19337897239101226,-1.0844525031294532
20.98,-0.15215534171692346,-0.19486487632088775,-1.0157759963307462
20.990000000000002,-0.15410148918013777,-0.19431203800865582,-0.9382108246413545
21.0,-0.1560308617892224,-0.19151272719133944,-0.8474754512197631
21.01,-0.15791944289142423,-0.18615754584322883,-0.89580437426115
21.02,-0.15975913845523187,-0.1817359307907385,-0.8139476503907004
21.03,-0.1615430546105555,-0.17500562391024438,-0.8208815072853987
21.04,-0.16325930298713173,-0.16820427676262018,-0.8498896646140918
21.05,-0.1649099833679873,-0.16189327311928775,-0.826453074418713
21.06,-0.16649349451058948,-0.1547731099388526,-0.8303530623435038
21.07,-0.16800523664516015,-0.14754153726634128,-0.8842279626735776
21.080000000000002,-0.16945039055258082,-0.14145604980777096,-0.7883242150708039
21.09,-0.17082175160336913,-0.1327877283455512,-0.9313919917688732
21.1,-0.17212344485929107,-0.12752076096658643,-0.817629858836735
21.11,-0.17335739180653448,-0.11924352381478458,-0.8419023458309389
21.12,-0.17451086464418777,-0.11142764659917459,-0.9054396419286809
21.13,-0.17559342381816267,-0.10506118441829908,-0.9463703072981517
21.14,-0.17661675186630732,-0.09958209463338512,-0.9213999286342528
21.150000000000002,-0.17758152128968793,-0.09335186320452193,-0.8817713113548331
21.16,-0.17847846659047661,-0.08602030423600078,-0.8558276959550899
21.17,-0.17929837512071314,-0.07794741501709736,-0.8575821394583782
21.18,-0.1800373770372532,-0.06984124091184322,-0.7920662995066953
21.19,-0.18068681752322002,-0.06003940155522457,-0.8298153508619717
21.2,-0.1812427513631473,-0.051141522651596535,-0.7410600029927894
21.21,-0.1816984867225418,-0.04000485404126919,-0.772999838588762
21.22,-0.18204684870447327,-0.029668953679927213,-0.5898343555490178
21.23,-0.1822690786706245,-0.014786778305529874,-0.546419194459124
21.240000000000002,-0.18233740488430758,0.0011064721821434278,-0.49480859977811664
21.25,-0.1822408566810556,0.018182294529566455,-0.3312878380048425
21.26,-0.1819538285007046,0.03919301596526397,-0.2671884335159078
21.27,-0.1814496646214795,0.06160195418861256,-0.3538666217682237
21.28,-0.1807334150832204,0.08160686501220715,-0.12311459811068025
21.29,-0.17978962296951315,0.10709835036851077,-0.11261899300398297
21.3,-0.17859127000398795,0.1325121122297469,0.09413164761293957
21.31,-0.17711486412396457,0.16269620217635794,0.2395664730165729
21.32,-0.17532074328278588,0.19604300816847178,0.1555257466778441
21.330000000000002,-0.17320627038064126,0.2267606386233139,0.2421319928631632
21.34,-0.17077662614172004,0.25906696343164254,0.27225049323998024
21.35,-0.16802328144182976,0.2914917737159467,0.3373173241508575
21.36,-0.1649409610180229,0.32485215925057714,0.3749977580894762
21.37,-0.16152402479252476,0.3584056490538129,0.4179210777298056
21.38,-0.1577701660459833,0.3922272644232512,0.30289846519946273
21.39,-0.15369668381087442,0.4223257077042445,0.4179333830876543
21.400000000000002,-0.1493122461983218,0.454407881694613,0.2690112166974685
21.41,-0.14463025395234433,0.4818336523926997,0.29590603233690854
21.42,-0.13967542008311762,0.5089692691476846,0.2980131323136194
21.43,-0.1344539442006248,0.5351560141890136,0.22690279539965008
21.44,-0.12898462448457043,0.5585345118912318,0.09032559951522666
21.45,-0.123303805892153,0.5774550301292299,0.04486360144265428
21.46,-0.11744471512102957,0.5941866824082682,-0.0018611713608826068
21.47,-0.11142946010987224,0.6086862659759594,-0.03952622482996167
21.48,-0.10527927381690702,0.621171672828674,-0.03553575711658481
21.490000000000002,-0.09900913530190196,0.6326747496329843,-0.20937829589082377
21.5,-0.09265110270871704,0.6387541256334547,-0.16781714749736557
21.51,-0.08623242513354834,0.6448023593022826,-0.20017232968234738
21.52,-0.07976267413671956,0.6489696438571103,-0.23438547407226068
21.53,-0.07326086102073737,0.6512161586910958,-0.2619723566242136
21.54,-0.06674532087246177,0.6517167178974049,-0.22328022958326854
21.55,-0.060225192673570044,0.6521338935675605,-0.27952031722827775
21.56,-0.05371314611705795,0.6501033591734013,-0.2567918673775933
21.57,-0.047223714292486486,0.6476121703402938,-0.258725961912908
21.580000000000002,-0.04076454190225815,0.6440535302083399,-0.17685502545862197
21.59,-0.03433578725125934,0.6415284275591033,-0.3345200008055198
21.6,-0.027956997938808025,0.6340671393073035,-0.14314113598820677
21.61,-0.021633791208326286,0.6304094014033864,-0.18416951742203605
21.62,-0.015357202145041767,0.6247470353451416,-0.14675476566717835
21.63,-0.009137385969778932,0.6190564016887452,-0.14215938379087245
21.64,-0.0029786713272264252,0.6125292698224465,-0.1490912720379519
21.650000000000002,0.003109217314560208,0.6048942777653817,-0.03930894255856869
21.66,0.009129852526714295,0.5990784308177515,-0.02319276594820957
21.67,0.015089734438168152,0.5927457704980411,0.061906887512734
21.68,0.020992364047181737,0.5876281717901956,-0.016839020402572666
21.69,0.02682946031336772,0.5796438667416705,0.1406427595084609
21.7,0.03260196798942344,0.5747088748007159,0.08710573881171027
21.71,0.03831400706334524,0.5675540675175402,0.05747282902676456
21.72,0.04394648385844979,0.5588001800279766,0.022738226830055927
21.73,0.04948288809378714,0.5483438612072393,-0.0004383601554911812
21.740000000000002,0.05490777032543586,0.536500156866,-0.04380205539628839
21.75,0.06020487374006254,0.5227934140911785,-0.046683984530218214
21.76,0.06536078083171595,0.5082654551139788,-0.056039853329991576
21.77,0.07036661081729324,0.49278293593422945,-0.10533743904252693
21.78,0.07520798722941527,0.47538109944474377,-0.2089428524078113
21.79,0.07985913932769621,0.45474652794007087,-0.19313557912147758
21.8,0.0843028943845395,0.433907383816021,-0.2641992178975102
21.81,0.08852654343789271,0.4107336408238667,-0.24750464220931953
21.82,0.09251794067655959,0.38746328384844303,-0.19273890722654952
21.830000000000002,0.09628105593113478,0.3650823590765998,-0.2780754305939451
21.84,0.09980746123697057,0.3401303372251826,-0.3397598456203005
21.85,0.10307467319389699,0.3132526615480497,-0.4103084518835337
21.86,0.1060626036578869,0.2842837418763981,-0.3939685006611584
21.87,0.10876147290891632,0.2554480271451569,-0.39026584663238995
21.88,0.11117126444287954,0.22647610735603843,-0.24050189002879735
21.89,0.11330906976962417,0.2010543136420903,-0.27407763851806877
21.900000000000002,0.11518762072478043,0.17463327869944015,-0.18019073848803654
21.91,0.1168130652848452,0.15043748433709336,-0.15104218976610803
21.92,0.11819970916260329,0.12687890618275685,-0.04209160193336959
21.93,0.1193640480710978,0.10597965798858276,0.10538294186718207
21.94,0.120337567576737,0.08871630449847662,0.09016478566157875
21.95,0.12113636459157306,0.07104032400103241,0.20193970075560358
21.96,0.12177230676059995,0.05614677369602381,0.2768578599574809
21.97,0.12226865727663686,0.043123776296070525,0.46076010629303105
21.98,0.12265776214215282,0.03469564658027205,0.4652934483939673
21.990000000000002,0.12296312749796103,0.026378023694857512,0.5572197295992675
22.0,0.123196821831641,0.02036092963637757,0.6376536706336442
22.01,0.1233803955742107,0.016353120103380435,0.7239394889003328
22.02,0.12353464244811715,0.01449405869068238,0.8978679206929226
22.03,0.1236919298040132,0.01695652542124956,1.0740889707283303
22.04,0.12389560671440013,0.023766076801602302,0.9575165018794125
22.05,0.12415243956500752,0.027589457445541535,1.1061578233468279
22.06,0.12446570356374086,0.035046901454024004,1.111697175322007
22.07,0.12485372046988626,0.04253797663114717,1.0738227628941193
22.080000000000002,0.12531135033459107,0.04896873616679352,1.134374115187676
22.09,0.12584024555451853,0.056787634142081114,1.1459472675957065
22.1,0.12644807315178413,0.06475291366763578,1.1234252182822384
22.11,0.12713197549831506,0.07200128311272568,1.2469801752443157
22.12,0.1279029647406082,0.08216481884877712,1.041107160607622
22.13,0.128748935550032,0.087001239182044,1.1364170387866332
22.14,0.12965430281932966,0.0940401452668755,1.111505941489548
22.150000000000002,0.130625973131506,0.10026091477982563,1.041800954278242
22.16,0.13165015284649592,0.10454266119676504,1.0540636849688232
22.17,0.1327176987546425,0.1089328523781861,1.0678309696918276
22.18,0.13382984369369966,0.11346110018187186,1.0119830751873482
22.19,0.1349792447339631,0.11638476214566175,1.0099451767874206
22.2,0.13615659201630428,0.11904985472167218,1.0138775395861845
22.21,0.13736003034812824,0.12160237208065859,0.874027846725585
22.22,0.13857048428250607,0.12045671705155808,1.0527317474939124
22.23,0.1397908231346854,0.1235745286812599,1.1029248004534393
22.240000000000002,0.14104749801438768,0.12772182398165532,1.0551761808456974
22.25,0.14233852315569304,0.13044515170810672,1.080478455039769
22.26,0.14365879050134156,0.1335690278384135,0.9888746688333475
22.27,0.14499768726135656,0.13417319992900126,1.0877135970918772
22.28,0.14635383946573946,0.13701724310019733,1.091015015630513
22.29,0.1477376385643635,0.13970197955308453,1.1424477430282909
22.3,0.14915347675351387,0.1434230659780735,1.2609755623691945
22.31,0.15062002284231135,0.14983928439358854,1.2121867229715235
22.32,0.152143225615611,0.15475443815505974,1.2828475284914918
22.330000000000002,0.15372297692136863,0.16114585166488424,1.2263927771682088
22.34,0.15535808789395048,0.16582666080135094,1.3402270521915982
22.35,0.15705270367890964,0.17304245988344855,1.3713238536986023
22.36,0.15882171812423582,0.18070385622356147,1.3412789413526593
22.37,0.16066188461891734,0.187272059198882,1.340144996601017
22.38,0.16256585559795023,0.1934633761411641,1.4591818328267794
22.39,0.1645448092707901,0.20226372658218564,1.2816720619184117
22.400000000000002,0.16658769865710243,0.20625385806222107,1.2553041189027656
22.41,0.16866538458067326,0.20922312828140244,1.2215710937934823
22.42,0.17076674547956053,0.21098944463594274,1.2651279914689655
22.43,0.17288941214255038,0.21348287757660647,1.243199287589121
22.44,0.1750324445628398,0.21506296600733124,1.0785283858326786
22.45,0.17716892054907538,0.21217648953695586,0.9420764087343939
22.46,0.17925785276549272,0.20555945552318045,0.866396926998565
22.47,0.1812696822440658,0.196760351911246,0.8464597053510938
22.48,0.18318967834479158,0.18719608972990112,0.6506002186330004
22.490000000000002,0.18498835031593172,0.1725043074116297,0.6712100764736164
22.5,0.18664169735716327,0.15813474326582982,0.5732617207529033
22.51,0.1881382636232611,0.14115524282748834,0.4132105855335378
22.52,0.18944442406049142,0.12006320785229314,0.35449874411676147
22.53,0.1905319917516301,0.09744435448996527,0.2790591744512998
22.54,0.19138384592970475,0.07292904186804061,0.24699781181956143
22.55,0.19198669284863537,0.04765060526049893,0.053956342919975205
22.56,0.19231305715281602,0.017645214434161578,0.11325476880004876
22.57,0.19234753341256416,-0.010720667751881699,-0.005897364415188604
22.580000000000002,0.19208444613585215,-0.041856297392638644,-0.055603511082221016
22.59,0.19150510170358567,-0.07396230716222632,-0.031000147467106814
22.6,0.19060935969317613,-0.10512806084256054,-0.05502802984091029
22.61,0.189400786933687,-0.13651956908392607,-0.0918538106307666
22.62,0.18787579635149404,-0.16840236708854875,-0.11152294880174299
22.63,0.18603189313644608,-0.2002932987427969,-0.060213308528443615
22.64,0.18387811136984078,-0.23037148981293162,0.08431266248871172
22.650000000000002,0.1814443960804954,-0.2562767787836225,0.1392599254888917
22.66,0.17876138916948336,-0.28022509104396426,0.10598822167039017
22.67,0.17583779385063286,-0.30438768052270465,0.1662868649226667
22.68,0.17268334048181586,-0.3263927376307484,0.11407886806506123
22.69,0.16930568546716881,-0.34902131036821,0.16675918552325614
22.7,0.16571187703416057,-0.36961976467640895,0.21169785031305316
22.71,0.16192135456002543,-0.38836082958966806,0.1653512186934982
22.72,0.15794140034059112,-0.4075006354738905,0.1855850420398926
22.73,0.15377649557924206,-0.425347403005439,0.2485821545831258
22.740000000000002,0.1494450060840868,-0.4408157220432735,0.22878145465793925
22.75,0.14496043912757076,-0.4559592269670117,0.1848931080625803
22.76,0.14032314752704808,-0.4713563871618211,0.24295849985824097
22.77,0.13554343828195042,-0.4844415197734343,0.18871384690498513
22.78,0.13063045534424317,-0.49800716938740286,0.22457215908259867
22.79,0.12559075055530888,-0.5097845387770094,0.139220657825721
22.8,0.12042712535063434,-0.5227867704333817,0.08599359522601147
22.81,0.1151314749997109,-0.5361857554327364,0.06587579559115173
22.82,0.10970407640102219,-0.5491335246646895,0.007875473976129716
22.830000000000002,0.10414480252964703,-0.5625569273583433,-0.059809897026924685
22.84,0.09844780663499982,-0.5766736606111004,-0.08758353415713069
22.85,0.0926112627021187,-0.5904633083478434,-0.0676461229047049
22.86,0.08664448765303372,-0.6027181973816336,-0.1054176823361033
22.87,0.08055567814757326,-0.6148672092027273,-0.09963589560629889
22.88,0.07435141405522142,-0.6258074747046788,-0.26715190669231964
22.89,0.06802221554931959,-0.6398475990355339,-0.21207330160447824
22.900000000000002,0.061565048096012064,-0.6514006433388733,-0.21371016262690032
22.91,0.05499772109650438,-0.6618778527246361,-0.17518816903279055
22.92,0.048336048160746964,-0.670269665545128,-0.1873201503618125
22.93,0.041594565314695096,-0.6778387004385681,-0.1616827282205745
22.94,0.03478624271465669,-0.6836378252082822,-0.05912289456668395
22.95,0.027938362167746728,-0.6857532528400629,-0.04342444015788899
22.96,0.021076829181885786,-0.6863696207801384,-0.05767274313453105
22.97,0.01421285650975106,-0.6862419740129448,0.12596380648607053
22.98,0.007378538650388918,-0.6804455317571481,0.17166427298497686
22.990000000000002,0.0006131398760368372,-0.6724623458872676,0.15792692308134604
23.0,-0.006069016337636661,-0.6637999650915476,0.293305573496013
23.01,-0.012642630546463769,-0.6507614910538666,0.27847888686781885
23.02,-0.019082912407491995,-0.6371376456235802,0.4314692363348539
23.03,-0.025363204222474893,-0.6187727621998909,0.41883740356773486
23.04,-0.031457041883621084,-0.599852327948329,0.4370052093910695
23.05,-0.03735519508641149,-0.5796424055099034,0.4972451873074185
23.06,-0.043039720851350306,-0.5571349248943561,0.5063904537977358
23.07,-0.04849426410721805,-0.533653012253667,0.5720662318510559
23.080000000000002,-0.053702245621612126,-0.5078315848334907,0.577260094467247
23.09,-0.05864808932437566,-0.4812332117019574,0.5642089626740632
23.1,-0.06332653570542365,-0.4543594936049382,0.5163096034878871
23.11,-0.06773939900813386,-0.42812295446391246,0.33089440335875564
23.12,-0.07191039030373114,-0.405987129455764,0.47709351239435893
23.13,-0.07583920886545388,-0.37969926166437246,0.32575574288656417
23.14,-0.07952177831053657,-0.3567403000887541,0.3717006336230523
23.150000000000002,-0.08296686398787688,-0.33221050086587695,0.3471968641418701
23.16,-0.08616778724091506,-0.3079140722600919,0.22938540487059578
23.17,-0.08913870560317215,-0.28621288961269387,0.11688554980237778
23.18,-0.09190500298907879,-0.26699269150698896,0.045507657474256245
23.19,-0.09448643829633528,-0.24924384073389966,-0.03466230736848419
23.2,-0.09689891841508637,-0.2332043450330112,-0.1368079852689968
23.21,-0.09916235366045587,-0.21943642712917863,-0.21696603526806235
23.22,-0.10129675824503716,-0.20739981561306634,-0.307915506862745
23.23,-0.10332083446135037,-0.19737156060158403,-0.2703909910002801
23.240000000000002,-0.10523866177901389,-0.1861541462277469,-0.3916539403821145
23.25,-0.10705827837009987,-0.1777290659709981,-0.3962811966413641
23.26,-0.10879304317353132,-0.16918618502752736,-0.5014024235179482
23.27,-0.11045438355554338,-0.16304358647618356,-0.5214457444872576
23.28,-0.11205566741082337,-0.15717619154884016,-0.5611602057965129
23.29,-0.11360213864316938,-0.15208170285237607,-0.5489163056353605
23.3,-0.1150950633446271,-0.14646887051515287,-0.5426670710412053
23.31,-0.11653006655635967,-0.14049933733475148,-0.5774402385490528
23.32,-0.11790875628292509,-0.1352069613371895,-0.6232227671365531
23.330000000000002,-0.11923929891666811,-0.13087019007459672,-0.6246973557566249
23.34,-0.12052573010651224,-0.12638601203016783,-0.4964879365142902
23.35,-0.12175044251307397,-0.11853168746832266,-0.5863732478423848
23.36,-0.12290710117804429,-0.11277486000518462,-0.5806514720001124
23.37,-0.12400473951017463,-0.10672951845595816,-0.48895715358482217
23.38,-0.12502980774585615,-0.09826537851741192,-0.5078041654276734
23.39,-0.12597204667641007,-0.09016550692260569,-0.5407176531683414
23.400000000000002,-0.12683690770686454,-0.0827911165779325,-0.5989604726002884
23.41,-0.12763484214885074,-0.07678054453058816,-0.4801857993969993
23.42,-0.12835741807900622,-0.06772470125694235,-0.604955208442932
23.43,-0.12900472336731678,-0.061725195124032496,-0.6322436679737777
23.44,-0.12959511904133728,-0.05634366051526588,-0.7113785939342814
23.45,-0.1301412756796835,-0.05287654442862369,-0.824698735604481
23.46,-0.13066657049672997,-0.05216891753532217,-0.8791836279246167
23.47,-0.13119118194609355,-0.052738525361114855,-0.8569337918483761
23.48,-0.13171826851988797,-0.05266455952004953,-0.9277037269781118
23.490000000000002,-0.1322530158284458,-0.05426867272646502,-1.0330466888110303
23.5,-0.1328164520830522,-0.058398873653502645,-1.155493002565422
23.51,-0.1334358603440028,-0.0654584274534033,-1.2451940704286701
23.52,-0.13413630319713912,-0.07460136604497175,-1.2641905500700639
23.53,-0.13492965827279843,-0.08403803038859212,-1.391893150220873
23.54,-0.13583233442534628,-0.09645942244932021,-1.3401825038739748
23.55,-0.13685161058405396,-0.10735648099589179,-1.3865330930274953
23.56,-0.13798443099032523,-0.1191642049415674,-1.3531425661871421
23.57,-0.1392298329885996,-0.12987090081397945,-1.491091225762185
23.580000000000002,-0.14059812129050805,-0.1437347422762099,-1.5938897239548033
23.59,-0.14211627363621018,-0.15983722702755532,-1.6250257812807543
23.6,-0.14379753874284124,-0.17635239262880287,-1.7586214293927642
23.61,-0.1456586739117075,-0.19580318352984627,-1.6075442989377886
23.62,-0.1476932826962285,-0.21104684290416087,-1.565702005726142
23.63,-0.1498729204042126,-0.22480655846291533,-1.4752598217586819
23.64,-0.1521766182070696,-0.23585832162571405,-1.4483899836769019
23.650000000000002,-0.15458521625579064,-0.2457848952456627,-1.3944755083277176
23.66,-0.15708404147846797,-0.25390316658040213,-1.349085142297127
23.67,-0.1596560611715022,-0.26042343473830853,-1.2551172729526274
23.68,-0.16227923058010182,-0.2641346446738513,-1.1384495103480574
23.69,-0.1649226816679782,-0.2644827383354505,-1.1828790591325327
23.7,-0.16757297282091282,-0.2655016900000271,-1.0693755715516962
23.71,-0.17021708492322785,-0.2632505193792489,-1.0328146113749392
23.72,-0.17283202924214078,-0.2596702861220712,-0.8012088490810313
23.73,-0.17538025794576928,-0.24991575082179524,-0.7396865091836736
23.740000000000002,-0.17782150736118596,-0.23827931875285435,-0.6945258314266598
23.75,-0.18013915073802925,-0.22519943117646474,-0.726269046739617
23.76,-0.18232849509456825,-0.21262246453134603,-0.599597400133987
23.77,-0.1843748996913878,-0.19661903167598313,-0.5704008592480948
23.78,-0.1862564922553441,-0.17966558243860234,-0.5140789942671122
23.79,-0.18796055774736325,-0.16112018720242252,-0.4961860265128616
23.8,-0.18947617059592406,-0.14198087087188851,-0.4385057455961222
23.81,-0.19079260533245856,-0.12129170709041344,-0.4705712824346254
23.82,-0.1919057744486248,-0.10133257924024622,-0.4022727976746499
23.830000000000002,-0.1928106039775482,-0.07963140609676768,-0.4339277690411553
23.84,-0.19350237220046906,-0.058725365711764344,-0.4672231457888254
23.85,-0.193989383986145,-0.03868486581474423,-0.4688807832103027
23.86,-0.194276488742219,-0.018749386797368185,-0.4986266285456049
23.87,-0.19436840193252047,0.0003489299435606476,-0.4501744660834496
23.88,-0.19426387552515967,0.020531930681738468,-0.5180345926448655
23.89,-0.19396676937568325,0.03886151718246378,-0.5010358869091884
23.900000000000002,-0.19348512980474414,0.05743324390378346,-0.5429542972618785
23.91,-0.19282404477643877,0.07474698117992253,-0.6000425603393803
23.92,-0.19199809118773833,0.09040416108129058,-0.4767055153216416
23.93,-0.19100141164840767,0.10888444145845434,-0.5640265148321403
23.94,-0.1898322868414497,0.12489109108814936,-0.45855303481074255
23.95,-0.18849146509330947,0.1432166224414882,-0.44487323075413354
23.96,-0.18696742786920473,0.16152915455397115,-0.5140438315602662
23.97,-0.18527078848333858,0.17773455805262944,-0.43615903181878096
23.98,-0.18340434682378276,0.19548330581225482,-0.3652730824839344
23.990000000000002,-0.1813537351877676,0.21456209046437938,-0.3251358122760463
24.0,-0.17910968510662142,0.23416514686460796,-0.2828131309538586
24.01,-0.17666685769262552,0.2543115541980417,-0.12280395476985387
24.02,-0.17400532304418045,0.27789696835142036,-0.10596108414892509
24.03,-0.17110884375004665,0.3012942957344152,-0.008669650334041802
24.04,-0.1679694519416898,0.32647098508953387,0.014978924858091554
24.05,-0.16457879721330365,0.35154019676982384,0.11286496741642835
24.060000000000002,-0.1609288952478173,0.3783116225759954,0.11602992058962502
24.07,-0.15701480536651102,0.4043714321186415,0.20151305268234104
24.080000000000002,-0.1528335651237654,0.4317331431102854,0.27297669414943376
24.09,-0.1483741632815969,0.45999535287711313,0.2777231044391741
24.1,-0.14363616923493688,0.4874450263391134,0.2737411776689078
24.11,-0.13862899074968185,0.5138262381336799,0.25222763135298387
24.12,-0.13336567546303435,0.5386672664838585,0.3133567621912707
24.13,-0.12785146714510842,0.5639977246617959,0.3090327487600649
24.14,-0.12208984885610588,0.5881440409488305,0.25435855417197334
24.150000000000002,-0.11609909438716674,0.6098216241206759,0.1935987159219129
24.16,-0.10990474310137108,0.6288609535597274,0.21421070523848418
24.17,-0.10352309522706397,0.6472767925996052,0.2576328105557852
24.18,-0.0969576633170982,0.6656131327804445,0.057806479342634415
24.19,-0.09023971783725097,0.6777822161000504,0.023745748048719487
24.2,-0.0834101598842314,0.6879350079143652,-0.043813718903760096
24.21,-0.07649334342783347,0.6952348361337571,-0.2622382660953499
24.22,-0.06953657847034567,0.6959308848350837,-0.1986216452113851
24.23,-0.06257052502651948,0.6970919771957541,-0.30875820192524434
24.240000000000002,-0.055612220716329645,0.6943855597598577,-0.2686638590420014
24.25,-0.048681459372306904,0.6915843719787313,-0.4091810022255927
24.26,-0.04180168440368744,0.6841946708165901,-0.48651925695420084
24.27,-0.035010698239067765,0.6738322625219019,-0.5010025014731324
24.28,-0.028330211960366662,0.6620991944692217,-0.5144315234735249
24.29,-0.02177366250137693,0.6490496794270532,-0.572961595446049
24.3,-0.015359692769033106,0.6335896746899946,-0.5589330786685813
24.310000000000002,-0.00910315976238285,0.6175671676436798,-0.6244038358181372
24.32,-0.0030194573940716014,0.5990308559899243,-0.5576831736088084
24.330000000000002,0.0028829881799839934,0.5813197679358387,-0.48727485537607135
24.34,0.00861300531035399,0.5645487569632656,-0.39803061930498923
24.35,0.014182448783901768,0.5492077780388293,-0.4235282861314818
24.36,0.01959138681731116,0.5324534328652882,-0.40091812283192046
24.37,0.02483186186691546,0.515519835027374,-0.3058174291154875
24.38,0.029911261954957444,0.5002409365923401,-0.26102380248713175
24.39,0.034839930192666985,0.4853770033583801,-0.1739565733843988
24.400000000000002,0.039627393260338345,0.4720020385426429,-0.14809634431850524
24.41,0.04428096722968282,0.45860273607414953,-0.15477136556743396
24.42,0.048796457417951175,0.4443897873064189,-0.08571704803502997
24.43,0.05317530913222242,0.43127746589823057,-0.04393161778286812
24.44,0.05742519739442627,0.4186000265470572,0.002314762096809281
24.45,0.06155111392663393,0.40648577988327916,0.030758772459085534
24.46,0.06555654852949938,0.39450666485919317,0.007966954421044753
24.47,0.06943655272410396,0.38140419863902075,-0.039259079656796675
24.48,0.07317698339128641,0.36659746074893945,0.04365468294587781
24.490000000000002,0.07677719774841399,0.3533629644316061,-0.019957941783329686
24.5,0.08023470040561573,0.33806110063378003,0.08224756077987311
24.51,0.0835496826260108,0.32486041058413817,0.07087650460283157
24.52,0.08672903153226592,0.3109388002206303,-0.025890040281245363
24.53,0.08975502022893107,0.2941954524439217,0.07633092418512652
24.54,0.09262446815485355,0.2796324863925647,0.06761410641167655
24.55,0.09534539258936525,0.26449532175876533,0.011358581167709512
24.560000000000002,0.09790626099814749,0.24762739805418155,0.07387579059804852
24.57,0.10030476659025041,0.2320257470076623,0.07131489023364931
24.580000000000002,0.10254554186381164,0.21608591477083972,-0.09039906970321579
24.59,0.10460549401509481,0.19587053004306668,0.020331019523620014
24.6,0.10647613910724704,0.17822684330083244,-0.003118848472081881
24.61,0.10816652279717444,0.15982390389190765,0.010944916140113878
24.62,0.10967390251058971,0.14163074816268745,0.06162472993700836
24.63,0.11100508291133133,0.12458755996391341,0.01404123719189302
24.64,0.11215941085349697,0.10626638611894987,0.06592457378762454
24.650000000000002,0.11313669866058254,0.08918298857837234,0.11009150752050277
24.66,0.11394846186765989,0.07316479777196082,0.17946048356916428
24.67,0.11460859254669115,0.05885875173561286,0.2871969226186076
24.68,0.1151390605261132,0.04723290223829807,0.30252015585291625
24.69,0.11555515434705148,0.03598660583327049,0.41254903446925295
24.7,0.11587256031696225,0.027495061653338922,0.588601001996936
24.71,0.11612704461616921,0.023399284778637452,0.6544742142088162
24.72,0.11634872247333876,0.02093292234974901,0.7769862887732516
24.73,0.11656092197767276,0.021500634633923318,0.7627438774747377
24.740000000000002,0.1167768308875258,0.021675122180403322,0.9149523518345452
24.75,0.11701328679080925,0.02560547198267978,1.0189439295087932
24.76,0.11730168814555236,0.03206011513102209,1.1347098471391064
24.77,0.11766861685682711,0.0413058420841197,1.182260934689377
24.78,0.11813331596055021,0.0516104185302537,1.3273887519249499
24.79,0.11871842753013995,0.06538137918800072,1.336419770321725
24.8,0.11944142421696176,0.07918367483194691,1.3873252591153231
24.810000000000002,0.12030772894526325,0.09403798306717139,1.4222280192392707
24.82,0.12132571334768594,0.10951483403205026,1.479696384148845
24.830000000000002,0.12250427248326815,0.1261473414532033,1.431204561956201
24.84,0.12384157744093736,0.1412613075901678,1.5095430415439155
24.85,0.12533818419562184,0.158001636625485,1.4639376416907304
24.86,0.12699471249443192,0.17324286324500027,1.4260370229144845
24.87,0.12879705381660392,0.1871616765616647,1.388982541861988
24.88,0.1307320163068646,0.1997648769464902,1.3741141619123611
24.89,0.13278914787088195,0.21159297283427203,1.3543583015774099
24.900000000000002,0.13496001456467213,0.2225097528045456,1.3023909162342784
24.91,0.137231423961879,0.2317005847370026,1.2232660820113435
24.92,0.1395827064229675,0.23848471927534196,1.1972842734888376
24.93,0.14199643988372224,0.24419019139549794,1.1096705626763819
24.94,0.1444541363231286,0.24727886142193814,1.1195949167034598
24.95,0.1469418457356089,0.25019210586045293,1.0131760219826886
24.96,0.1494432840085619,0.2500274902413731,0.8737832608875896
24.97,0.1519236540480902,0.24598311960804958,1.0138833405249266
24.98,0.15437916583579098,0.24505314569916178,0.9288719251981605
24.990000000000002,0.15681279902762812,0.24161062614959514,0.848773161406185
25.0,0.15920014429766985,0.23579930250010772,0.8886198819743926
25.01,0.16153259130229197,0.2306317396250787,0.8525835316972062
25.02,0.16380713498019517,0.22422150055622994,1.0064526015268511
25.03,0.16603512208483087,0.2213179152679375,0.9365212432246413
25.04,0.16822362279837252,0.21632748575129984,0.8477852121417108
25.05,0.17034952686359506,0.20880296277601362,0.9711600546955422
25.060000000000002,0.17241408511661463,0.2040570038515767,0.9430974641586745
25.07,0.1744261493355067,0.19830663030412038,1.078011897181827
25.080000000000002,0.1763960781681966,0.19562777174803073,0.946992953216336
25.09,0.17832134753026455,0.18937973459557592,0.9014253065469466
25.1,0.1801770823108923,0.18172423661250486,1.0263648811041175
25.11,0.18197057810208828,0.17693056728235998,1.008692738087304
25.12,0.183712618296742,0.17143525337114648,1.0007805829744005
25.13,0.1853974695869766,0.1654948097561103,0.9015503798224163
25.14,0.1870093536374505,0.15684668045784944,1.0077026065803096
25.150000000000002,0.1885469616207068,0.15063902094431295,1.0380837587883176
25.16,0.1900252243957505,0.14497867253545793,0.8171965604955477
25.17,0.1914183072326701,0.1336114545099363,0.9198200644575381
25.18,0.19270975647200506,0.12465217994645007,0.7723334772424407
25.19,0.19389245887457873,0.11186916088328341,0.8494654344040344
25.2,0.1949564130143369,0.100903866379825,0.6779204446782079
25.21,0.1958888171242578,0.08556745290357863,0.5650716017271549
25.22,0.19665354095859428,0.067375499466481,0.5439105200507502
25.23,0.1972337022057034,0.048660608871323195,0.4267158591185255
25.240000000000002,0.19761226585900157,0.027064645216897436,0.28203400887503777
25.25,0.19775726048853715,0.0019570310767445497,0.2598076534648674
25.26,0.19764915771413408,-0.023547387147635494,0.1147220205977078
25.27,0.19726889100041764,-0.052464563880172885,-0.028031295774622975
25.28,0.19658296815200443,-0.08466663172215663,0.09101712722327587
25.29,0.19559155898786038,-0.1135568910696598,-0.09153616021228964
25.3,0.1942903053940079,-0.14662248644434345,-0.15821600308628356
25.310000000000002,0.1926523068838672,-0.1808952762272188,-0.15369551944242787
25.32,0.19067469180559396,-0.21453710037540474,-0.2798842529543757
25.330000000000002,0.18834772670900785,-0.2507529143722133,-0.2888298535846107
25.34,0.1856606708945037,-0.2865458027841086,-0.2532699692065518
25.35,0.18262358536481582,-0.3207509653147905,-0.24955088376300108
25.36,0.17924860787679986,-0.3541158710712505,-0.20397180567683593
25.37,0.1755496081661065,-0.3855486650839567,-0.12506039540704017
25.38,0.17155026071449772,-0.4141802848489413,-0.16931122722456335
25.39,0.16726336258409374,-0.44305080709550465,-0.07761448488680692
25.400000000000002,0.16270371932301692,-0.46872541653267463,-0.022665987463809174
25.41,0.15789881447899817,-0.49209905595614384,-0.053047027573572755
25.42,0.1528611309577908,-0.5152752075530034,0.06901287434846914
25.43,0.14761183274530604,-0.5344207381281854,0.0675390328616188
25.44,0.1421758457381224,-0.5526091314210478,0.2237454907930373
25.45,0.13658251872518765,-0.5658899305732643,0.2462160760931222
25.46,0.1308641994282146,-0.5776061033241547,0.27261352232837754
25.47,0.1250370640038794,-0.5876522275285503,0.24712491609358964
25.48,0.11911136511587771,-0.5973167734794942,0.35504505116587387
25.490000000000002,0.11310761637468841,-0.6032642871929957,0.33793877818389045
25.5,0.10704732264704221,-0.6086250988686915,0.4299386151883663
25.51,0.10094997691946335,-0.6106774369967345,0.39804492000316755
25.52,0.09483312115997164,-0.6125270064881871,0.3638231840525819
25.53,0.08869849522658395,-0.6142313475731476,0.44255959259035443
25.54,0.0825616426389887,-0.6129756210795702,0.4162751308343615
25.55,0.0764389600637544,-0.6113982423250685,0.32745216312613784
25.560000000000002,0.07032583682624796,-0.6110628456890201,0.38631339108678636
25.57,0.06422830247688179,-0.6082836354033657,0.279932317045478
25.580000000000002,0.058150085299669696,-0.6071982555012311,0.2430946492939846
25.59,0.05208295950617303,-0.6060658256804904,0.22710911440107348
25.6,0.04602998223645467,-0.6043696373614712,0.14596096919682022
25.61,0.03998863028211061,-0.6037400300860989,0.12610576095160644
25.62,0.03395590701308358,-0.6026447089978584,0.10821171939368525
25.63,0.027936688832106444,-0.6010399852783951,0.1656432957932239
25.64,0.02194543380214606,-0.597055419329244,0.14305422216306815
25.650000000000002,0.01599585418146449,-0.5927064476262519,0.041090323278458504
25.66,0.010081647558005627,-0.5899800644785923,0.12823827739210897
25.67,0.004210200587361223,-0.5841589771824296,0.047359472662975965
25.68,-0.0016086371485664998,-0.5794584334219364,0.07857588904259516
25.69,-0.007372094258585874,-0.5730861084752927,0.12173505011841536
25.7,-0.013062065302932274,-0.5647652442577876,0.1176089680286785
25.71,-0.01866508772577165,-0.55569947405423,0.255811368258005
25.72,-0.024156056071259032,-0.5423619410221985,0.18473925736950764
25.73,-0.029518589024470524,-0.5300147263669122,0.15432420530000923
25.740000000000002,-0.03475758621311523,-0.5176580487208406,0.32366130903806717
25.75,-0.0398481380906207,-0.5003348717384334,0.28281350089352586
25.76,-0.04476708217874634,-0.4833406674788597,0.3322756535059258
25.77,-0.04950656915565294,-0.4644502083016179,0.23918963586850722
25.78,-0.05406562206323585,-0.4472568073352041,0.475506574218457
25.79,-0.05842021322346257,-0.42357019159566567,0.49674059412306265
25.8,-0.06253262159107185,-0.39882779666233387,0.518224983598128
25.810000000000002,-0.0663924869871929,-0.37306938645960747,0.5403580811337991
25.82,-0.06998980432311114,-0.34632621590557866,0.578713643365542
25.830000000000002,-0.07331294592218361,-0.3182429692596221,0.4832858181198949
25.84,-0.0763654611128928,-0.2922059668436942,0.5120299808763549
25.85,-0.07915247123750074,-0.26515012862901766,0.3954361528822862
25.86,-0.08168216152665525,-0.2407460466220499,0.37044728612189476
25.87,-0.08396973895751511,-0.21673361346195982,0.38496748179828927
25.88,-0.08601437289482079,-0.1921644451189777,0.28493933527200166
25.89,-0.08782499613284578,-0.1699352482128602,0.12230928638215031
25.900000000000002,-0.08943292267319988,-0.15162635880086142,0.1223388518529191
25.91,-0.09085709620540922,-0.1331897118642136,0.0036960492286380563
25.92,-0.0921111916264299,-0.11761225244752135,-0.12448339841271534
25.93,-0.09322502791538964,-0.10513834158950922,-0.16129985322280901
25.94,-0.0942182513757673,-0.09349204360406586,-0.3038194073446216
25.95,-0.09511238945054291,-0.08532022107296187,-0.46184992917044765
25.96,-0.09594408080388914,-0.0810002684903431,-0.5358541823890154
25.97,-0.09674128150891119,-0.07842115989592174,-0.4842479205643057
25.98,-0.09750570168028988,-0.07444652928724199,-0.7346671069279254
25.990000000000002,-0.09826112841848929,-0.07661615995121673,-0.7263791148697287
26.0,-0.09903653363413917,-0.07844205003528859,-0.7768361854437531
26.01,-0.09983580211655303,-0.08138697368778396,-0.8355474277695978
26.02,-0.10067109554787709,-0.08564466553351383,-0.9787371978002444
26.03,-0.10156600289280163,-0.09330451765599611,-0.9730537965633977
26.04,-0.10253581274818394,-0.10062350740728974,-0.9791015220944534
26.05,-0.10357853076578315,-0.1078842409836514,-0.9653722531099524
26.060000000000002,-0.10469105085049447,-0.11458263167186049,-1.047661734114451
26.07,-0.10587968764409005,-0.12310357852156924,-1.0754038797641818
26.080000000000002,-0.107155738930808,-0.1320626958290931,-0.9619320656144542
26.09,-0.1085058885938769,-0.13792454689806843,-0.9460663240286946
26.1,-0.10991138414570198,-0.14313106695974157,-0.9680729042466982
26.11,-0.11137037320035763,-0.14862148768271977,-0.9998965438127145
26.12,-0.11288686565384035,-0.15462962762446691,-0.9312903746351177
26.13,-0.1144534485530808,-0.15864033846133388,-0.9292518602915132
26.14,-0.11605847789672169,-0.16231821612271274,-0.878376503248492
26.150000000000002,-0.11769251449454968,-0.1644426445138788,-0.9720922278337211
26.16,-0.11935808658890867,-0.16862225275093623,-0.8982301750132987
26.17,-0.12105474894964552,-0.17066211939115436,-0.9123819529413549
26.18,-0.12277212930231877,-0.17276520306604967,-0.9669552156380133
26.19,-0.1245158814745402,-0.17593461128450633,-0.9147675296825732
26.2,-0.12628329488401502,-0.17749850002699033,-0.9449870542181831
26.21,-0.1280686276580646,-0.1795174907740994,-0.9952890577779724
26.22,-0.12987890445603192,-0.18248559294772035,-0.9893046874814059
26.23,-0.13171654270185112,-0.1849895087033915,-1.1198275422658035
26.240000000000002,-0.1335939183871745,-0.19042884619691616,-1.0956833118649392
26.25,-0.13552096138886638,-0.1949226041839246,-1.1185337314303938
26.26,-0.1374940684661355,-0.1996401419136724,-1.1744710746471179
26.27,-0.1395195577921581,-0.20539649095516088,-1.1832249390190361
26.28,-0.14160185332982206,-0.2109999687165474,-1.3435493043561066
26.29,-0.14375828775281158,-0.2202183590079774,-1.4016564337819533
26.3,-0.14601207520651768,-0.23046678518973676,-1.3516893551262417
26.310000000000002,-0.14835992107593823,-0.23902923276986274,-1.371267552139233
26.32,-0.15079361933985796,-0.24763482857985214,-1.3099648750065638
26.330000000000002,-0.15330344119868006,-0.25425394041210164,-1.3973576285577787
26.34,-0.15588807164176033,-0.26259261210891066,-1.4734226645200073
26.35,-0.15856317100463152,-0.2723436840444858,-1.3795558748628245
26.36,-0.16132154507301907,-0.2792482442439251,-1.4404701186801037
26.37,-0.16415406090755708,-0.28716885227719396,-1.438945329466508
26.38,-0.1670629936011441,-0.2945300417019621,-1.1890682136431252
26.39,-0.17001172964099898,-0.2951355532470044,-1.247109416946169
26.400000000000002,-0.1729713138402862,-0.2966982717200613,-1.1614573286315333
26.41,-0.1759333527131069,-0.2956291421907565,-1.0939675461799345
26.42,-0.17887387960321852,-0.29239868647162764,-0.949081592015903
26.43,-0.181761718785066,-0.28509730878635753,-0.9372959985182212
26.44,-0.18457294299310587,-0.2770784878253919,-0.7985438293100016
26.45,-0.18728462870789941,-0.26519640009784373,-0.816772684862452
26.46,-0.18987793539561096,-0.2534057836673384,-0.7410351448032433
26.47,-0.19234215128736756,-0.2393841243664847,-0.5081281366142903
26.48,-0.19463554673764757,-0.2192528812225744,-0.41764841168278943
26.490000000000002,-0.19671514084421182,-0.19663238533849142,-0.3834603420763281
26.5,-0.1985633239670631,-0.1729781650707222,-0.32254540257986225
26.51,-0.2001666525339679,-0.14767000350745021,-0.2589823681939172
26.52,-0.20150851693368424,-0.12069435009366984,-0.2448025020615383
26.53,-0.20257867587088688,-0.09333685495780472,-0.08699310777030289
26.54,-0.20335563695052578,-0.06206709514012917,-0.09538087683439996
26.55,-0.20382138470665032,-0.03110251832226366,-0.07840615313946157
26.560000000000002,-0.20397605636935623,0.00013917337987863487,-0.07102147972742837
26.57,-0.20381834555410422,0.03136530122290873,-0.0337589871868872
26.580000000000002,-0.20334494132107997,0.06326835198613665,-0.06658213883039786
26.59,-0.20255810164906998,0.09404487518676101,-0.06847469814363472
26.6,-0.20146545598907195,0.12442148135165536,-0.18498529465642843
26.61,-0.20008553857369812,0.15149478043822903,-0.12719152494058023
26.62,-0.1984297676506462,0.1795834618119185,-0.07319110212281414
26.63,-0.1964887262380975,0.2085400682683067,-0.2403140184873825
26.64,-0.19428157876995156,0.2328023436810473,-0.25290894161543653
26.650000000000002,-0.19183605291319714,0.2562101084412879,-0.2325055624462415
26.66,-0.18915674456575668,0.27955250793261066,-0.2568469152568
26.67,-0.1862500770296794,0.30167703778018434,-0.29665185613988254
26.68,-0.18313030094698426,0.3221701626572946,-0.4262510710066123
26.69,-0.17982504588586573,0.3387719694729569,-0.3311518370255291
26.7,-0.17634521638810907,0.35707853516812965,-0.4189715069337667
26.71,-0.1726967774439313,0.37249242652507186,-0.3968695914451918
26.72,-0.16889498152226762,0.38774601875631975,-0.3163055423863806
26.73,-0.16493425694547773,0.4042725780276312,-0.33904590241540344
26.740000000000002,-0.16081492819738438,0.4194640777733601,-0.2573449962697578
26.75,-0.15653739959204016,0.4359070409403846,-0.10785453275819182
26.76,-0.15208087019470073,0.4552564083391476,-0.18879749089131975
26.77,-0.14744525697036928,0.4717221664975312,-0.1501828187068745
26.78,-0.1426445262489591,0.4882754950393666,-0.18754127802458428
26.79,-0.13768740965304851,0.5029972258618808,-0.13069991990428
26.8,-0.13258053309707427,0.5182230720261678,-0.10856979643541875
26.810000000000002,-0.12732331793694618,0.5330614766372584,-0.04156584720304321
26.82,-0.12191414480255115,0.5486099916325538,-0.03340977237814383
26.830000000000002,-0.116353393705424,0.5633740064217533,0.01845932442320687
26.84,-0.110643547386592,0.5784249049474696,0.06408000361160626
26.85,-0.10478264067118176,0.593582100086158,0.03923413148383105
26.86,-0.09877851851342725,0.6070661214699367,0.0238531464045363
26.87,-0.09264678372200183,0.6191029362391034,0.022491682703785418
26.88,-0.08640020660691425,0.6300328755151594,0.0989559018355516
26.89,-0.08004019800155489,0.6417855008925594,0.054933631023467815
26.900000000000002,-0.07357367176718914,0.6513360746155976,0.06930439153905313
26.91,-0.06701536975139098,0.6601391679561046,0.02736997862358686
26.92,-0.060379831633976574,0.6667836909942203,-0.09265556990504702
26.93,-0.053698364885739654,0.6693281869856721,-0.09952273497826225
26.94,-0.04699774759475371,0.6706147634173978,-0.26756257910436515
26.95,-0.040310627879765,0.6666347667899323,-0.14729713042839232
26.96,-0.033653518530653265,0.6646115055792734,-0.26914095481122347
26.97,-0.027037088218465614,0.6585044833609263,-0.40674588401847006
26.98,-0.02050396414931627,0.6479572805084692,-0.5189042929008169
26.990000000000002,-0.014095152595757145,0.6336493549897737,-0.5022443678105446
27.0,-0.007831964313340534,0.618837079558296,-0.669188584017998
27.01,-0.001742206876831266,0.5989732143439671,-0.6613615033567719
27.02,0.004145714324425971,0.5784758933450074,-0.6224871425826727
27.03,0.00982951986747819,0.5581553290890781,-0.6832932883268308
27.04,0.01529870194717171,0.5355593334212383,-0.7274497844705604
27.05,0.020532832202381838,0.5111531390304858,-0.6592943114125311
27.060000000000002,0.02552806536848171,0.487785151091268,-0.7505189023250334
27.07,0.030275060026026663,0.4615151216914806,-0.6640067193398796
27.080000000000002,0.03476726021695549,0.43683133028820753,-0.6710978021497764
27.09,0.039009002021686216,0.41143085820162134,-0.6455708638533717
27.1,0.04299741052889559,0.3861712491232416,-0.5270942252007345
27.11,0.04674568336647476,0.36340744195201347,-0.5383196900608586
27.12,0.05026270715014593,0.33992834662746463,-0.3248426996007405
27.13,0.053569561983599204,0.3213739859900351,-0.37497588286775085
27.14,0.056682615406285955,0.3011749704147293,-0.16836337607860252
27.150000000000002,0.05961765260314818,0.28577036146745716,-0.24282718248475432
27.16,0.06238753848994709,0.2681514625047804,-0.07810296767913154
27.17,0.06500016913635731,0.25431945974205666,-0.09042219159975637
27.18,0.06747132745049464,0.2398614289828699,-0.02296515515321379
27.19,0.06980483702040909,0.22679189607351263,0.12170894510467517
27.2,0.07202427483063246,0.21704656887594653,0.21107572745357028
27.21,0.07415596107749838,0.20924184730055476,0.16980150700128654
27.22,0.07620301137866435,0.2001230326768204,0.3411726051558551
27.23,0.0781789181832216,0.19501076654071253,0.28227008915544394
27.240000000000002,0.08009494591995305,0.18815067326285898,0.3605497382066127
27.25,0.08195083336773866,0.18298250283782366,0.39670739773291985
27.26,0.08375823573350177,0.17845426091712244,0.42361715545801093
27.27,0.0855224153055427,0.17433865004816293,0.31341897931617163
27.28,0.087230418742079,0.16722372723864912,0.48800503252413624
27.29,0.08888791891874447,0.164234941396241,0.434564901683442
27.3,0.09050763588945189,0.1596697695473494,0.3816789686246407
27.310000000000002,0.09207395949027791,0.15355933833137578,0.3468840745364162
27.32,0.09357378948386326,0.1463739710216353,0.3087895018178516
27.330000000000002,0.09499605538950902,0.13804981109966918,0.3227048750649523
27.34,0.09633595738250612,0.12990320588369167,0.4187374030389361
27.35,0.0976055723405405,0.12399190349155734,0.3800123757220545
27.36,0.09881042575296277,0.11695383401477939,0.35218374679974096
27.37,0.09994069989015056,0.10907894220179583,0.40126140052054216
27.38,0.10099770693820398,0.10230121347460458,0.5325954219672528
27.39,0.10200269821245098,0.09867382361143072,0.47305856798287904
27.400000000000002,0.1029633050056594,0.09342723484729311,0.5041698124965802
27.41,0.10387473239105849,0.0888385612581205,0.6531742743518829
27.42,0.10475827956778745,0.08784810302764255,0.66897452833678
27.43,0.1056332136706645,0.08711589884517615,0.715535388168852
27.44,0.10650595148570084,0.08740780805842889,0.7565104502556421
27.45,0.10738600368538676,0.08857763761930011,0.787666680289765
27.46,0.10828088845705272,0.09037325010241874,0.8884111891414176
27.47,0.10920550866998391,0.09452140945869604,1.0061123999611399
27.48,0.11018539894471542,0.10142282866608553,1.1020621548973504
27.490000000000002,0.11124523893274402,0.11050685923482975,1.2115786761135319
27.5,0.11240840634356368,0.12208285720544314,1.297996950353717
27.51,0.11369677002491067,0.1355407145996919,1.352279530749083
27.52,0.11512497397579216,0.15004600314790115,1.4152429849304062
27.53,0.11670442536425707,0.16578478323135765,1.407754763014263
27.54,0.11843850699210402,0.18096844314442695,1.393798730743738
27.55,0.12032075445429125,0.19541470599343033,1.5073382125272745
27.560000000000002,0.12235959943890574,0.21228110196689812,1.5052025259474335
27.57,0.1245646050845504,0.2286428454513404,1.5270554653843538
27.580000000000002,0.12693359841151966,0.24507408391985958,1.5398893423121682
27.59,0.12946601292713722,0.26132280403571095,1.472766419250048
27.6,0.13214992379055174,0.2753715397482561,1.4487305529968246
27.61,0.13496865641460354,0.28828465046348106,1.4574248423992164
27.62,0.13791486452683793,0.30086346713730855,1.4164722250716597
27.63,0.14097891929137776,0.3118524017047032,1.3176179993180193
27.64,0.14413765753919916,0.31980075262749763,1.3081947152899998
27.650000000000002,0.14737185278876352,0.3269425239140876,1.2000881171109057
27.66,0.15066109564466904,0.33081217432284465,1.084648684812226
27.67,0.15397181612786887,0.33124104050358144,1.0609889471161038
27.68,0.15728115175800061,0.33053635594268316,1.0770030688826917
27.69,0.16058275259246887,0.32969434320312835,0.8755017448971448
27.7,0.16384812575593943,0.3232976405131604,0.8980303329161756
27.71,0.16704988396397907,0.3169729234283538,0.8446796787313098
27.72,0.17017933055071943,0.30883913629854576,0.7936051484396872
27.73,0.17321877805823555,0.2989773323442435,0.6282837737057108
27.740000000000002,0.17613682913139728,0.2845679517392127,0.7293863716827554
27.75,0.1789214906378021,0.27230072681404455,0.602476140022806
27.76,0.18156578051419714,0.25650118734957494,0.5608775193298368
27.77,0.18404525158987098,0.23934289558891625,0.547532669052527
27.78,0.18635002140972604,0.22156636021047366,0.5825875048862829
27.79,0.1884801079774158,0.2044103594685858,0.5556187392658977
27.8,0.19043410283850984,0.18635380545842464,0.550737432113269
27.810000000000002,0.19220593095542532,0.16798235144118145,0.6349145061968733
27.82,0.1938037112295413,0.15154696229796713,0.5488932608199091
27.830000000000002,0.19522565409577994,0.13282215976653355,0.5487231615149624
27.84,0.1964597971275766,0.11399229577958842,0.6563023393244669
27.85,0.19751868685498417,0.09777356196789184,0.6658915782148466
27.86,0.19841626820481845,0.08173489474338974,0.6962265873336542
27.87,0.19915705669158593,0.06641856491046694,0.5940676870831696
27.88,0.1997318565990053,0.04854451162924253,0.7019941936237026
27.89,0.2001415184378826,0.033392632974725986,0.6653582220514443
27.900000000000002,0.2003952774531663,0.017369206709459375,0.7150557305927359
27.91,0.2004953452627002,0.0026572634902194744,0.5420629340211157
27.92,0.2004271458960869,-0.01627505207854038,0.5846737801053071
27.93,0.20017565136692755,-0.0339979657773881,0.5210737998758201
27.94,0.19973981994471163,-0.05313580145310681,0.409047740372899
27.95,0.19909966524204667,-0.07485419719423902,0.39955860865565934
27.96,0.198242429021047,-0.09654611077545701,0.43267430194840617
27.97,0.1971738689396773,-0.11711431097575598,0.28945533836481335
27.98,0.19588336656764085,-0.14092496738778737,0.21043632509953494
27.990000000000002,0.19434680046430342,-0.16631856610490764,0.22239343403443057
28.0,0.19255994588481049,-0.1909765391816196,0.1613608546003774
28.01,0.1905212372073758,-0.21668133230379905,0.0965284659517145
28.02,0.18821997615993255,-0.24347863124657293,-0.05289172774529159
28.03,0.18563494195233057,-0.2734248216812719,-0.07105354511647101
28.04,0.1827513578032098,-0.30318065214443785,-0.0639312683750098
28.05,0.17957451839593744,-0.3320687994315252,-0.18674484357966586
28.060000000000002,0.17609710452388627,-0.36328488838986805,-0.21989381445428655
28.07,0.17230734457365637,-0.3945295156531751,-0.15861696243566442
28.080000000000002,0.16821698383331352,-0.42339946384290333,-0.12804727953568795
28.09,0.16384609969061478,-0.45062841286083455,-0.25818410620458493
28.1,0.15919122769813382,-0.4801869509062875,-0.3132363858823842
28.11,0.1542387441745628,-0.5101423551249272,-0.22743345170451845
28.12,0.1490024986018979,-0.5369352024231872,-0.16662879878716966
28.13,0.143511114402538,-0.5611660911308888,-0.07455939149107996
28.14,0.13779422259446977,-0.5820344195238297,0.019541013082061062
28.150000000000002,0.13188576172635358,-0.5994786055725617,0.04438193152582248
28.16,0.12581136480462524,-0.6152192067312577,0.08443790430656772
28.17,0.11959003308813333,-0.6288640826857483,0.19778383675215142
28.18,0.11325190295408874,-0.6385801828917556,0.2136438936089608
28.19,0.10682405470839935,-0.6468071269246246,0.33001050399849896
28.2,0.10033392810591944,-0.6510386839924582,0.36797606157815743
28.21,0.0938116036830734,-0.6532482174890548,0.5970362348904862
28.22,0.08730108339499128,-0.6486856196311916,0.5604383959756886
28.23,0.08083670608033386,-0.6440211773306334,0.5266034721029967
28.240000000000002,0.07441978815012565,-0.63919537670205,0.5582515914234792
28.25,0.06806006087795544,-0.6325866509150069,0.6160248265480966
28.26,0.061778499249554336,-0.6235670655263846,0.5750327132399606
28.27,0.05558674366230198,-0.6146278956662872,0.6293460594413591
28.28,0.049495803148673995,-0.6034092958810028,0.6268818353523455
28.29,0.04352122795110057,-0.5913589310866153,0.6956417397688016
28.3,0.037680093842299284,-0.5767274808609896,0.6082069386205575
28.310000000000002,0.031978533135436873,-0.5634466078364385,0.559529736228291
28.32,0.026407806987629973,-0.5505636938603993,0.4942149093900801
28.330000000000002,0.02096176846529606,-0.5385115687421272,0.45867966587683456
28.34,0.015635751617751454,-0.5265624847943458,0.46613810664915084
28.35,0.010433994885348952,-0.513663896653658,0.4079853643577221
28.36,0.005357677788443301,-0.5014771590838144,0.42378611248294196
28.37,0.0004088291922954533,-0.48817479267092984,0.2846729873781443
28.38,-0.0044208555141655535,-0.47764460275666426,0.32046360374700644
28.39,-0.00913728379077056,-0.46552821252125337,0.23551015006752807
28.400000000000002,-0.013739797531070875,-0.454863174294134,0.1826126922357726
28.41,-0.01823895267801394,-0.44485853013170534,0.04869509951689355
28.42,-0.022651516924408456,-0.43754441431867935,0.05771427665109323
28.43,-0.026986544325739173,-0.42935413974059006,0.1397079220939254
28.44,-0.03122626360450574,-0.41848815866070493,0.1604198974727818
28.45,-0.03535172840395876,-0.40650745161217255,0.09606136851601185
28.46,-0.03936253013209053,-0.3955574737893656,0.12592639186207752
28.47,-0.04325727979403366,-0.383301496075446,0.07556447797144303
28.48,-0.04703305998938824,-0.3717659549351133,0.09059238674353366
28.490000000000002,-0.05068898901776854,-0.35933538386758274,0.09301549700630063
28.5,-0.05421781438477032,-0.3463491767375027,0.194241773071255
28.51,-0.05760177716039863,-0.3303698956447649,0.18273421360227804
28.52,-0.06082522491571311,-0.3142505815841217,0.17303711390069085
28.53,-0.06388666391760517,-0.2979726169857957,0.18483318245262337
28.54,-0.0667819614313439,-0.2810274126366922,0.24126547548690078
28.55,-0.06949903352082518,-0.26233414117412746,0.2358788125731951
28.560000000000002,-0.07202831196552284,-0.2434738675643817,0.17706090137292477
28.57,-0.07437494620869568,-0.2258088985996665,0.29481904794833563
28.580000000000002,-0.07652897180424027,-0.2049606769970278,0.20264733382780162
28.59,-0.07848500225297887,-0.1862129227859687,0.16079805550909523
28.6,-0.08025785198904661,-0.16832851424471895,0.1939096110760659
28.61,-0.08184692244311328,-0.1494630331717595,0.12022770522007283
28.62,-0.08325590314083012,-0.13231355820532698,0.003071458438510817
28.63,-0.08450746122354737,-0.11797972717968816,-0.037245050725079845
28.64,-0.08562019880966742,-0.10455221488703811,-0.19811669932280365
28.650000000000002,-0.08661829444851268,-0.09505022636851065,-0.26510350263589355
28.66,-0.08752925054569045,-0.08712496239840624,-0.44094495417629753
28.67,-0.08838242577531168,-0.0834910257086567,-0.3665391227454289
28.68,-0.08918942118431845,-0.07789233151304811,-0.6250428163737721
28.69,-0.08997221372945252,-0.0786443280075957,-0.5996227297723723
28.7,-0.0907586997837853,-0.0786317462932797,-0.7777969070464894
28.71,-0.09156664861801737,-0.08293170457659467,-0.8848230089227078
28.72,-0.09243014561075617,-0.08973720832627238,-0.9403646124494442
28.73,-0.09336769365773519,-0.09773864371350485,-1.005378918000983
28.740000000000002,-0.09439233231154426,-0.1071514761480323,-1.0679311674303218
28.75,-0.09551774931095278,-0.11789018057307969,-1.0801753008053838
28.76,-0.09675080181196759,-0.12867562178075942,-1.2103338435298858
28.77,-0.09810657450585133,-0.14242774206471015,-1.2322063562403818
28.78,-0.09960102716896678,-0.15640762653674806,-1.3422176114134987
28.79,-0.10124730976913204,-0.17278706632730945,-1.3005275842306752
28.8,-0.1030502921674438,-0.18774486224679496,-1.3405692708385502
28.810000000000002,-0.10500587348964359,-0.20330207731966904,-1.3720415673759345
28.82,-0.10711883460009622,-0.2192161701173981,-1.3437997277543112
28.830000000000002,-0.10938515669314108,-0.23397134257387892,-1.3228043974981065
28.84,-0.11179406963695865,-0.24773151815552824,-1.2827789082583472
28.85,-0.11433316821496989,-0.26000649818717814,-1.2383700214532551
28.86,-0.11698699872019767,-0.2706764709109704,-1.2451358614252206
28.87,-0.11974585481260448,-0.28100908682630266,-1.2148838487352789
28.88,-0.12260167131700199,-0.29006723536005696,-1.097302696057105
28.89,-0.12553077607488405,-0.2956683817394951,-1.176747979575119
28.900000000000002,-0.12852323010418437,-0.30273374951037046,-1.0821264420144876
28.91,-0.1315718625463032,-0.3069055604979173,-0.9364192617339056
28.92,-0.13464141918696043,-0.3069223831768897,-1.117068643812054
28.93,-0.13773117711089852,-0.31094092927805483,-0.9898882646036969
28.94,-0.1408426047897747,-0.31125961632061616,-0.9010124986854767
28.95,-0.14394358914929203,-0.3088553773478217,-1.005180698421361
28.96,-0.14703107730610473,-0.3085584190716477,-0.787280605049184
28.97,-0.15008591044275807,-0.30233150991168284,-1.0482244263976492
28.98,-0.15310873870958347,-0.30215179224177235,-0.8552136286508342
28.990000000000002,-0.156103232578946,-0.2966709800691521,-0.863269173222422
29.0,-0.1590416620102209,-0.29094062693648814,-0.9142443849920349
29.01,-0.16192693666150107,-0.28604051810766445,-0.9936465968012481
29.02,-0.1647709168382494,-0.2826811459319214,-0.9893612653020635
29.03,-0.16757855092964286,-0.2787728095268518,-1.077321800651933
29.04,-0.170355900563994,-0.276623137192258,-1.0161836445387753
29.05,-0.17310191903578412,-0.2725094595581537,-1.1341350778158843
29.060000000000002,-0.17581939343432057,-0.2709123515429706,-1.1090226171943214
29.07,-0.1785155811026879,-0.2682537593773556,-1.0568939838899225
29.080000000000002,-0.1811765500363267,-0.2638713416626382,-1.1666409486719893
29.09,-0.18380533724707462,-0.2618157501299318,-1.1250573674143853
29.1,-0.1864062813410418,-0.25830496849747464,-1.0853529004566425
29.11,-0.18896513616825844,-0.25340047676178007,-1.1375700615452684
29.12,-0.19147950988068044,-0.24940893435925124,-0.9790653017644942
29.13,-0.19393225463489094,-0.24108094990015283,-0.97695711414296
29.14,-0.19629971083059156,-0.23235394895386738,-1.0167433994516566
29.150000000000002,-0.1985831960109779,-0.22428831162200505,-0.8812054742501307
29.16,-0.20076750307298136,-0.2125249669385088,-0.8474148571666629
29.17,-0.2028285536646175,-0.1996415867708053,-0.7644647353627642
29.18,-0.20474915641683955,-0.18444173084240217,-0.6453258508138225
29.19,-0.20650182932587166,-0.16606364330248136,-0.5985467560855737
29.2,-0.2080640637169388,-0.1463607132378487,-0.4268881586259048
29.21,-0.20940724059925905,-0.1222629097971119,-0.4224680974894697
29.22,-0.2105086033321153,-0.09800478099786589,-0.2522870988238622
29.23,-0.2113460826021554,-0.0694980999545128,-0.22162813674585122
29.240000000000002,-0.21189496122142998,-0.04029344509574927,-0.1004720043382073
29.25,-0.21213723825554104,-0.00818943300468862,-0.10157417039684138
29.26,-0.2120595246209647,0.02369598707424419,-0.03991858679021496
29.27,-0.21165643920357127,0.056874460618208875,-0.022551094639348027
29.28,-0.2109208917066965,0.09017899130453626,0.10262937111158368
29.29,-0.2098384575446795,0.12623918400930767,0.14758198519129329
29.3,-0.20839197086627714,0.16297863386078018,0.22162130118205597
29.310000000000002,-0.2065713383611072,0.2010565228165409,0.1832107524267545
29.32,-0.20437755752019485,0.23759958967552358,0.12263166495942023
29.330000000000002,-0.20182899759085327,0.2720048105985957,0.08019530125917657
29.34,-0.19894499352073067,0.30468101878404663,0.08093062472419735
29.35,-0.19573766761247877,0.33666104516366646,0.022284796198945717
29.36,-0.19222162871186319,0.3664175500887051,0.05194516145150008
29.37,-0.1884082739431633,0.3961161902428119,-0.024334108977359187
29.38,-0.18431163422787647,0.42306979705164144,-0.16727918799728733
29.39,-0.1799676082934066,0.445591512771566,-0.21548198733212512
29.400000000000002,-0.1754087441400371,0.4660339348113944,-0.16828499563312177
29.41,-0.1706440357647322,0.4867546080711096,-0.27488006218145716
29.42,-0.1656900537211419,0.5038875191313553,-0.35190522426527215
29.43,-0.160579012141172,0.5181654863648603,-0.3259120332846137
29.44,-0.1553266351982764,0.5321512741532335,-0.4430945586240566
29.45,-0.1499537994852443,0.5422583289260641,-0.4687162079291874
29.46,-0.1444878299089088,0.5507774448509263,-0.5005648107694614
29.47,-0.1389453961206016,0.5575511941553172,-0.5896837387404915
29.48,-0.13335108891780245,0.5611543389394172,-0.45366550453144794
29.490000000000002,-0.12770846118596715,0.5672116060466023,-0.5539852973061438
29.5,-0.12202256430275828,0.569810912742387,-0.5104934713923706
29.51,-0.116309950697949,0.5725542951034083,-0.5004454015520483
29.52,-0.11057337069295194,0.5746044972705867,-0.40180968113943627
29.53,-0.1048086968044706,0.5781709009000106,-0.41147920762507934
29.54,-0.09901434366642005,0.5805410184232973,-0.3735957567894633
29.55,-0.09319632024019779,0.5829045148253905,-0.42264472056513697
29.560000000000002,-0.08736554803418842,0.5830929278891885,-0.3069646440027193
29.57,-0.08152316316164872,0.5852248300564298,-0.3415794156019824
29.580000000000002,-0.07566854676992639,0.5855409957520039,-0.2204017129504616
29.59,-0.06980036867811829,0.5879347362664133,-0.18972291554193202
29.6,-0.06390921841857938,0.5901351548855092,-0.18683166723356262
29.61,-0.058000502585960685,0.5914484510900265,-0.06840795274017414
29.62,-0.052068663299843415,0.5947572126496622,-0.13632621451002325
29.63,-0.046117070185339885,0.5954016327626541,-0.1331726666774212
29.64,-0.040163423453400446,0.5951689081422525,-0.16445601442687097
29.650000000000002,-0.034220758096516535,0.593207574030113,-0.198107439841262
29.66,-0.028306584710502326,0.5894732327168746,-0.16497496853881827
29.67,-0.022430218280852364,0.5856473443969606,-0.19020494119115433
29.68,-0.016599818176289905,0.5802828777901375,-0.3485574326917177
29.69,-0.010847281734417711,0.5700818775647167,-0.2739608507517213
29.7,-0.005191691278497022,0.5608952039545453,-0.34766932445140686
29.71,0.0003586430704062872,0.5490363216106192,-0.3738383872228255
29.72,0.005783104825765578,0.5357255891867878,-0.4471393239726789
29.73,0.011061447922535116,0.5198192448654926,-0.5794554269260613
29.740000000000002,0.016160562110620707,0.49988886163919233,-0.6190491999504298
29.75,0.02105205277892699,0.47830182257245,-0.5069041962780664
29.76,0.025738500151240906,0.4588833325920258,-0.6161238277014848
29.77,0.030214069663921164,0.43613539767512977,-0.7215783613482933
29.78,0.03444621913990466,0.4102091792386743,-0.6453336258175572
29.79,0.0384261302268087,0.38569291767884595,-0.6818798279926631
29.8,0.042153987400017315,0.35980655668807693,-0.7452363225888392
29.810000000000002,0.0456129939394609,0.3319320624673295,-0.744696145772224
29.82,0.04879152042552598,0.30371837446283395,-0.6751771831791673
29.830000000000002,0.0516950130617279,0.2769310977002492,-0.5342951648688478
29.84,0.05434680617480185,0.2533817244891573,-0.4916957191164048
29.85,0.05676711011109801,0.23063857437692914,-0.43262399068815555
29.86,0.05896619838494636,0.20914316269124655,-0.3274633700214907
29.87,0.06096242998209722,0.1900700698411308,-0.22527400733877606
29.88,0.06277973582189056,0.17336026788513467,-0.2678451697272046
29.89,0.06442375597220008,0.15541887425832668,-0.08073471038159723
29.900000000000002,0.06591100093832994,0.14200459273871194,-0.007512193097986675
29.91,0.06727250687004935,0.13027263371374687,0.07234621943837707
29.92,0.06852596700348129,0.1203963422494719,0.2053918768333109
29.93,0.06969659362888225,0.11370474973974071,0.322117505236246
29.94,0.07081415443318892,0.10978164267816297,0.40549012632510006
29.95,0.07190212120901704,0.10778467837446959,0.43012072471047313
29.96,0.07297238620677265,0.10624127323984812,0.5549368508778549
29.97,0.07404197822848181,0.10764695157760076,0.7472864158771961
29.98,0.07514870902217512,0.11366311009179489,0.6515941974977371
29.990000000000002,0.07630257016819463,0.11707453030818696,0.6678071639226045
